Compound,Date,Negative,Neutral,Positive,Tweet,Tweets Ago,User
0.5413,Sat Feb 24 19:59:04 +0000 2018,0.863,0.0,0.137,"For 27 centuries, Helen of Troy has been one of the most exciting and the most contested of female figures.

She mi‚Ä¶ https://t.co/L4tAxYSbXl",1,BBC
-0.4588,Sat Feb 24 19:07:01 +0000 2018,0.842,0.158,0.0,This new targeted treatment is designed to defeat the most common form of leukaemia without chemotherapy. https://t.co/o4qXjnCGhl,2,BBC
-0.2023,Sat Feb 24 18:07:04 +0000 2018,0.904,0.096,0.0,"üì∫üîÆ From @ArrestedDev to @TheSimpsons, these are the strange times TV shows have 'predicted' the future.
üëâ‚Ä¶ https://t.co/wayoksi60x",3,BBC
0.0,Sat Feb 24 17:51:02 +0000 2018,1.0,0.0,0.0,‚ù§Ô∏è Meet India's Dr Dolittle who runs an orphanage for wild animals. https://t.co/4XURXwYqHu,4,BBC
0.0,Sat Feb 24 17:50:42 +0000 2018,1.0,0.0,0.0,"RT @BBCOne: ‚ÄúPuberty, periods and pongs!‚Äù 

This week‚Äôs #CallTheMidwife explores the ups and downs of sex education in the early Sixties. h‚Ä¶",5,BBC
-0.296,Sat Feb 24 16:52:04 +0000 2018,0.727,0.164,0.109,"British actress Emma Chambers, who played Alice in The Vicar of Dibley, has died aged 53. https://t.co/pGyfmD4uTh https://t.co/S5mYiH9RAG",6,BBC
0.0,Sat Feb 24 16:20:09 +0000 2018,1.0,0.0,0.0,"'Should I get plastic surgery before my baby grows up?'
üëâ https://t.co/0BCwqeO2by https://t.co/SiviUuZ88u",7,BBC
0.25,Sat Feb 24 15:13:02 +0000 2018,0.905,0.0,0.095,Take a peek behind the scenes of Blade Runner 2049 and see how some of its visual effects were created. https://t.co/N12IZz24Xl,8,BBC
0.0,Sat Feb 24 13:54:12 +0000 2018,1.0,0.0,0.0,"‚ù§Ô∏è Saving the orangutans of Sumatra.
üëâ https://t.co/5CToziU1Ds https://t.co/M1yd8SAUeH",9,BBC
0.0,Sat Feb 24 13:07:02 +0000 2018,1.0,0.0,0.0,üòÇü§´ üíï Why does @Camila_Cabello think Blue Ivy shushed @Beyonce &amp; @S_C_ at the Grammys? https://t.co/OncrchDyYV,10,BBC
-0.6428,Sat Feb 24 11:59:01 +0000 2018,0.712,0.288,0.0,"üòÇ When you're obsessed with #Pyeongchang2018 but have NO idea what the rules are... 

#TheMashReport https://t.co/692EjTQz9n",11,BBC
0.9523,Sat Feb 24 10:47:04 +0000 2018,0.392,0.0,0.608,What a jump! üèÇü•âüá¨üáß@billymorgan89's bronze medal win has secured Great Britain their highest medal tally in‚Ä¶ https://t.co/IJE2yOCUbT,12,BBC
-0.34,Sat Feb 24 10:33:01 +0000 2018,0.789,0.211,0.0,üòÇüôà Why bother thinking when you can just speak...  https://t.co/ef0wpE2SlT,13,BBC
-0.296,Sat Feb 24 10:31:38 +0000 2018,0.901,0.099,0.0,"RT @BBCSport: Two golds.
Two sports.
Same Olympics.

Ester Ledecka has done what no woman has ever done before.

https://t.co/EwuJoThGfB ht‚Ä¶",14,BBC
0.8309,Sat Feb 24 09:57:16 +0000 2018,0.709,0.0,0.291,"RT @BBCSport: Wow! @TeamGB have made history, winning five medals (so far!) at #Pyeongchang2018

Dom Parsons #Bronze
Lizzy Yarnold #Gold
La‚Ä¶",15,BBC
0.0,Sat Feb 24 09:57:04 +0000 2018,1.0,0.0,0.0,"RT @BBCSport: ‚ö°Ô∏è ‚ÄúBilly Morgan makes Winter Olympics history for GB üá¨üáßüôå‚Äù

https://t.co/ut23mdtcT4  #Pyeongchang2018 #bbcolympics",16,BBC
0.2263,Sat Feb 24 09:56:58 +0000 2018,0.541,0.212,0.247,"RT @BBCMOTD: Bobby Moore.

A true legend.
A hero to many.

He died 25 years ago today.

Never forgotten. https://t.co/8O1OZ09bPv",17,BBC
-0.1531,Sat Feb 24 09:53:01 +0000 2018,0.882,0.118,0.0,üé®‚úä Meet the 91-year-old rebel artist who was told he was unteachable. https://t.co/eDvsObpcPp,18,BBC
0.8779,Sat Feb 24 08:58:04 +0000 2018,0.563,0.0,0.437,"Are you throwing a kids party? 

üçâü¶à Impress the guests with this amazing Watermelon Shark.
üëâ https://t.co/NYdJfGYyf1 https://t.co/owKML19gu1",19,BBC
0.0,Sat Feb 24 08:08:02 +0000 2018,1.0,0.0,0.0,‚ù§Ô∏èüêº‚ùÑÔ∏è Giant pandas doing roly-polys in the snow is our new favourite thing. https://t.co/j8IvmIFE0W,20,BBC
0.5719,Fri Feb 23 20:00:01 +0000 2018,0.73,0.0,0.27,"üòÇü•Å @RebelWilson totally smashed her Pitch Perfect audition.

#TheGNShow | @BBCOne https://t.co/hALWpwa8Ee",21,BBC
-0.6249,Fri Feb 23 18:58:02 +0000 2018,0.745,0.255,0.0,"üò≤üá¨üáß‚úàÔ∏è It's official... Brits are the worst tourists in the world. 

#QI https://t.co/jRMSwdrHua",22,BBC
-0.6249,Fri Feb 23 17:57:02 +0000 2018,0.594,0.406,0.0,üòÇ Are these the world's worst burglars? https://t.co/Q54ZcDeBOO,23,BBC
0.0,Fri Feb 23 16:58:03 +0000 2018,1.0,0.0,0.0,"ü§ñüéø Skiing robots got their own #WinterOlympics and stole the show.
üëâ https://t.co/jBk5yQq68r

#PyeongChang2018 https://t.co/A4kVFCKhj1",24,BBC
0.729,Fri Feb 23 16:38:03 +0000 2018,0.553,0.115,0.333,"üç∑ GREAT NEWS EVERYONE!
Red wine compounds 'could help tooth decay and gum disease fight'.
üëâ https://t.co/R5u7lrkhgx https://t.co/NXKpa7kpek",25,BBC
0.128,Fri Feb 23 16:04:06 +0000 2018,0.88,0.0,0.12,"That feeling when you've finally made it to the weekend.
#FridayFeeling https://t.co/89HWcd14Kt",26,BBC
-0.4588,Fri Feb 23 15:03:03 +0000 2018,0.842,0.158,0.0,Environment Secretary Michael Gove has suggested that plastic straws could be banned in Britain. ‚ôªÔ∏è üåé‚Ä¶ https://t.co/JABNzulV8G,27,BBC
0.0516,Fri Feb 23 14:20:35 +0000 2018,0.946,0.0,0.054,"RT @BBCFOUR: ‚ú® The Old Grey Whistle Test returns for one night only. #OGWT

‚ú® Live from Television Centre on Friday from 9pm. https://t.co/‚Ä¶",28,BBC
0.0,Fri Feb 23 14:00:01 +0000 2018,1.0,0.0,0.0,"'It really hit me how young she was when that tape was made.'

The #Unpopped podcast investigates @ParisHilton and‚Ä¶ https://t.co/fxrAStzh55",29,BBC
0.3182,Fri Feb 23 13:26:02 +0000 2018,0.897,0.0,0.103,üç©üçï New research suggests that a 10% rise of ultra-processed foods in your diet is linked to a 12% increase in risk‚Ä¶ https://t.co/MU1GoUV3mG,30,BBC
0.4939,Fri Feb 23 12:42:03 +0000 2018,0.833,0.0,0.167,"""It all seemed to go pretty well."" ‚ù§Ô∏èÔ∏èStephen Fry is recovering from surgery for prostate cancer.‚Ä¶ https://t.co/SLQGe7n8AK",31,BBC
0.5859,Fri Feb 23 12:26:55 +0000 2018,0.758,0.0,0.242,"Explore humanity's desire to create.

#Civilisations. Starts on 1st March at 9pm on @BBCTwo. Presented by‚Ä¶ https://t.co/Uq5Cos1N8F",32,BBC
-0.7334,Fri Feb 23 12:00:07 +0000 2018,0.66,0.34,0.0,"Loneliness has been called a modern epidemic. 

But is it really getting worse?
üëâ https://t.co/yFjaaPJhBr https://t.co/sZpQckgOF3",33,BBC
0.7713,Fri Feb 23 10:00:08 +0000 2018,0.705,0.0,0.295,"üåäüì∏ The winning pictures from the 2018 Underwater Photographer of the Year comp are absolutely breathtaking. 
üëâ‚Ä¶ https://t.co/MN5B9pG7cX",34,BBC
-0.6908,Fri Feb 23 09:45:15 +0000 2018,0.773,0.227,0.0,"RT @BBCTwo: ""Some people would kill to be famous.""

#ACSVersace starts Wednesday 28 February, 9pm, @BBCTwo. https://t.co/adysWbtlz9",35,BBC
0.8208,Fri Feb 23 09:41:41 +0000 2018,0.704,0.0,0.296,"RT @BBCR1: SUPER COLLAB ALERT üò±üò≠üåπ

@troyesivan revealed to @grimmers that he's got @ArianaGrande on the new album. 

H U G E ‚ô•Ô∏è https://t.c‚Ä¶",36,BBC
-0.4159,Fri Feb 23 09:41:33 +0000 2018,0.651,0.231,0.118,"RT @BBCSport: Cow 1-0 goalkeeper.

The most bizarre injury?

A Scottish Championship club is facing a selection headache after its reserve‚Ä¶",37,BBC
-0.296,Fri Feb 23 09:41:19 +0000 2018,0.905,0.095,0.0,RT @bbcweather: The Met Office has issued the first #snow warnings for parts of the UK next week. Details here: https://t.co/Tki9Pm7rGx #Br‚Ä¶,38,BBC
0.0,Fri Feb 23 09:00:13 +0000 2018,1.0,0.0,0.0,"Canada's Lake Abraham is an ethereal landscape of frozen bubbles.
üëâ https://t.co/4A4j7nyhig

@BBC_Travel https://t.co/wKHw7t8DMo",39,BBC
0.7579,Fri Feb 23 08:40:03 +0000 2018,0.683,0.0,0.317,"üëè‚ù§Ô∏è Stunning.

#CirqueDuSoleil opened the #BAFTAs this week with a beautiful tribute to the film #TheShapeOfWater. https://t.co/N3kQV3L1nx",40,BBC
0.0,Fri Feb 23 08:00:07 +0000 2018,1.0,0.0,0.0,"üôÖüì± Thinking about quitting social media? 

These people have... https://t.co/i9oReu3Xeb",41,BBC
-0.5106,Thu Feb 22 19:00:09 +0000 2018,0.752,0.248,0.0,üò¨ Anyone with kids should be able to feel the pain. https://t.co/50B99vhOyj,42,BBC
0.659,Thu Feb 22 18:04:02 +0000 2018,0.672,0.0,0.328,"üò±üêç @MargotRobbie painting a really great picture of Australia. 
#TheGNShow https://t.co/8ZHmiRz1wd",43,BBC
0.0,Thu Feb 22 17:03:04 +0000 2018,1.0,0.0,0.0,"üòÅ Do you wet your toothbrush, or put  toothpaste on first?

The debate about toothbrushes that's tearing the intern‚Ä¶ https://t.co/qeq7zTiRQo",44,BBC
-0.4019,Thu Feb 22 16:46:09 +0000 2018,0.847,0.153,0.0,RT @BBCTwo: A shocking 93% of home workers are being sexually harassed... by themselves. #TheMashReport @EllieJaneTaylor https://t.co/yA0B0‚Ä¶,45,BBC
0.0,Thu Feb 22 16:10:04 +0000 2018,1.0,0.0,0.0,üôåüèÇ Still shredding at 78. https://t.co/FEsoVXg1FY,46,BBC
0.1531,Thu Feb 22 15:27:45 +0000 2018,0.769,0.099,0.132,RT @BBCOne: Excited about the return of #Strike? @jk_rowling gives us the lowdown on #CareerOfEvil. https://t.co/ZS4f4pRZSf,47,BBC
0.3182,Thu Feb 22 14:00:06 +0000 2018,0.881,0.0,0.119,"‚ù§Ô∏èüêß 'A man needs his 'guins'.

@Stranger_Things actor @DavidKHarbour has kept his promise by dancing with penguins‚Ä¶ https://t.co/MbiF8vga4K",48,BBC
-0.3885,Thu Feb 22 13:00:02 +0000 2018,0.752,0.248,0.0,"üò¢ The #AllTogetherNow performance that had everyone in TEARS. 
 https://t.co/brsSWg1iyI",49,BBC
-0.1027,Thu Feb 22 12:29:04 +0000 2018,0.931,0.069,0.0,"If your New Year‚Äôs resolutions have already fizzled out, maybe you‚Äôve been too hard on yourself.

Here's how cheati‚Ä¶ https://t.co/aAEvrFCZII",50,BBC
0.5707,Thu Feb 22 11:56:03 +0000 2018,0.83,0.0,0.17,"üò∑üò¨üç´'I‚Äôve always wanted my wisdom teeth out because you get two weeks in bed!'

@Camila_Cabello talked toothache on‚Ä¶ https://t.co/J6os8eTWXi",51,BBC
-0.1531,Thu Feb 22 11:43:31 +0000 2018,0.918,0.082,0.0,üôå Watch the incredible moment a child falling from the third floor of a building is caught by a policeman in Egypt. https://t.co/jiwGVDyNg0,52,BBC
-0.1154,Thu Feb 22 11:03:04 +0000 2018,0.673,0.172,0.155,"üôå‚ú®üé∂@Stormzy1 and @DUALIPA both took home two trophies last night, but these are the real winners and losers of‚Ä¶ https://t.co/75JIHThhxn",53,BBC
0.7964,Thu Feb 22 09:00:03 +0000 2018,0.693,0.0,0.307,üêº‚ùÑÔ∏è Watching giant pandas performing roly-polys in the snow is the best way to brighten your morning. https://t.co/j8IvmIFE0W,54,BBC
0.0516,Thu Feb 22 08:30:10 +0000 2018,0.699,0.145,0.156,"Could plant-based alternatives and better recycling provide an answer to our plastic problem?
üëâ‚Ä¶ https://t.co/gXi7DypVzE",55,BBC
-0.4215,Thu Feb 22 08:00:05 +0000 2018,0.664,0.223,0.113,"After losing his legs in a racing accident, 18-year-old Billy describes how his supporters helped him keep his F1 d‚Ä¶ https://t.co/K57Z9X5k1m",56,BBC
0.0,Wed Feb 21 20:52:47 +0000 2018,1.0,0.0,0.0,"RT @BBCR1: YESSSS @Stormzy1! üèÜ‚ú®

Your #BRITs2018 British Male Solo Artist has just been crowned and he can't quite believe it ‚ù§Ô∏èüëë https://t‚Ä¶",57,BBC
-0.2263,Wed Feb 21 19:31:01 +0000 2018,0.653,0.196,0.151,"üöòüíÄ Welcome to Old Car City in Georgia, US, where cars come to die. https://t.co/MvD44MxOYh",58,BBC
0.0,Wed Feb 21 19:00:05 +0000 2018,1.0,0.0,0.0,"üêºüòç New career goal!

#QI https://t.co/LKhEyNOgAJ",59,BBC
-0.4404,Wed Feb 21 18:16:03 +0000 2018,0.868,0.132,0.0,"In 2017, Arkansas executed four condemned men ahead of the expiry of a batch of lethal injection drugs. 

Now with‚Ä¶ https://t.co/7Dg31YWwX9",60,BBC
-0.4588,Wed Feb 21 17:55:11 +0000 2018,0.857,0.143,0.0,RT @bbcmusic: Rumours rife @LiamGallagher will perform at tonight's #BRITS2018 after @ArianaGrande has been forced to pull-out tonight unde‚Ä¶,61,BBC
0.5411,Wed Feb 21 17:27:01 +0000 2018,0.734,0.066,0.201,"üá¨üáßüé∂The biggest night in British music is here! üé§‚ú®

For all the red carpet gossip, winners news and top talking poin‚Ä¶ https://t.co/MDoKdtQ1GP",62,BBC
-0.3612,Wed Feb 21 16:51:02 +0000 2018,0.706,0.294,0.0,Is this the world's riskiest dinner? https://t.co/VuWxMxhNXX,63,BBC
0.7463,Wed Feb 21 15:03:04 +0000 2018,0.797,0.0,0.203,"We're only two months into 2018, but Daniel Kaluuya already has a lot to celebrate! üèÜüé≠‚ú®

Here's how the actor has g‚Ä¶ https://t.co/qEAoJlIoLA",64,BBC
-0.296,Wed Feb 21 14:33:04 +0000 2018,0.905,0.095,0.0,"üòß‚òïÔ∏è A cracked teapot with a missing lid which was bought for just ¬£15 has been sold to a New York museum for ¬£460,0‚Ä¶ https://t.co/J0sXNmVIxJ",65,BBC
0.6369,Wed Feb 21 13:30:09 +0000 2018,0.625,0.0,0.375,"üòÇüì∏üëè Best. Shot. Ever. 

#PyeongChang2018 via @BBCSport https://t.co/P7fAbtY9nV",66,BBC
0.0,Wed Feb 21 13:00:08 +0000 2018,1.0,0.0,0.0,üòÇüé∂ Can't believe @SelenaGomez can still remember the lyrics to her Barney the Dinosaur duet! https://t.co/tQQPLPYTki,67,BBC
0.6369,Wed Feb 21 12:31:03 +0000 2018,0.833,0.0,0.167,"üè≥Ô∏è‚Äçüåà A memorial is being held for LGBT icon, Thomas the goose, who spent many years in a love triangle with two swa‚Ä¶ https://t.co/hx4nosxCvN",68,BBC
0.0,Wed Feb 21 11:56:36 +0000 2018,1.0,0.0,0.0,üó£ @BBCweather's @OwainWynEvans gives a forecast with a difference for #InternationalMotherLanguageDay! https://t.co/kjMXtQUB2P,69,BBC
0.3612,Wed Feb 21 11:51:19 +0000 2018,0.848,0.0,0.152,RT @BBCTwo: Hands up if you've ever worked with someone JUST like this... üòÇ #TheMashReport https://t.co/ES0dZJWUXk,70,BBC
0.658,Wed Feb 21 11:39:53 +0000 2018,0.785,0.0,0.215,RT @cbbc: This week on @GWITCBBC it's a @LittleMix takeover!! Check out the amazing Rio üíõ @laurenplatt7 @JaymiUJWorld https://t.co/dVC4ANBP‚Ä¶,71,BBC
0.0,Wed Feb 21 11:23:39 +0000 2018,1.0,0.0,0.0,"RT @BBCR1: Just imagine if we'd managed to get @ZaraLarsson, @MOMOMOYOUTH, @almacyber and @charli_xcx to collab on @DUALIPA's #IDGAF in the‚Ä¶",72,BBC
0.6542,Wed Feb 21 11:13:41 +0000 2018,0.692,0.0,0.308,"RT @bbccomedy: ""I just like stilettos, I'm not a bad person."" - Two Doors outtakes üòÇ https://t.co/SAAMriBeIL",73,BBC
0.0,Wed Feb 21 10:25:04 +0000 2018,1.0,0.0,0.0,RT @BBCNWT: From four bikes to 300...this group in Manchester is trying to make cycling accessible for all. üö¥ https://t.co/lH317u5Hlc,74,BBC
0.0,Wed Feb 21 10:15:06 +0000 2018,1.0,0.0,0.0,"New Doctor, New Series, New Logo 
#DoctorWho https://t.co/nu1P8f1Naq",75,BBC
0.0,Wed Feb 21 10:04:43 +0000 2018,1.0,0.0,0.0,üëëüíÖ The Queen has appeared alongside fashion royalty in the famous front row at @LondonFashionWk for the first time.‚Ä¶ https://t.co/dSIqTNvUh1,76,BBC
0.5859,Wed Feb 21 09:00:04 +0000 2018,0.725,0.0,0.275,"1 man. 25 languages.

üëè Richard is a hyperpolyglot, and he's amazing. 
#InternationalMotherLanguageDay https://t.co/cYjy30yHcV",77,BBC
0.3818,Wed Feb 21 08:49:02 +0000 2018,0.843,0.0,0.157,"RT @BBCiPlayer: .@KenrickH2o transforms street dance into jaw-dropping theatrical experiences.
Stunning üëèüèæ  üî• 
#DarceyBussellsNewDance on B‚Ä¶",78,BBC
-0.4201,Wed Feb 21 08:30:04 +0000 2018,0.892,0.108,0.0,"'I took my wife's name - and then the hassle began'.

Two men explain how it turned out to be way more difficult th‚Ä¶ https://t.co/MlV5sL2CbC",79,BBC
0.0,Wed Feb 21 08:00:04 +0000 2018,1.0,0.0,0.0,"Ahead of tonight's ceremony, here are five things you might not know about the @BRITs. https://t.co/QvJ2wVwfXs",80,BBC
0.0,Tue Feb 20 21:25:52 +0000 2018,1.0,0.0,0.0,"RT @bbcdoctorwho: New Doctor, New Series, New Logo 
#DoctorWho https://t.co/qpXoEcvFHv",81,BBC
0.0,Tue Feb 20 21:03:03 +0000 2018,1.0,0.0,0.0,It's Cathy's 60th birthday and the family are going for lunch... BAFTA-winning family sitcom #Mum returns tonight.‚Ä¶ https://t.co/pmKbroOLNF,82,BBC
0.3612,Tue Feb 20 20:04:02 +0000 2018,0.872,0.0,0.128,"According to @JohnCleese, his new character in the sitcom #HoldTheSunset is just like him in real life. https://t.co/mo39ZqS4C0",83,BBC
-0.126,Tue Feb 20 19:00:05 +0000 2018,0.824,0.176,0.0,‚ù§Ô∏èüê¶ This murmuration will leave you mesmerised! https://t.co/Bvb1B5nEQj,84,BBC
-0.128,Tue Feb 20 18:02:03 +0000 2018,0.933,0.067,0.0,"Got a bag of frozen peas lurking at the back of the freezer? 
Here are 7 things you can do with them.
üëâ‚Ä¶ https://t.co/KATIhOTxQz",85,BBC
0.0,Tue Feb 20 17:30:07 +0000 2018,1.0,0.0,0.0,üíï @DUALIPA took on @ArcticMonkeys' 'Do I Wanna Know?' in the Live Lounge and we still haven't quite recovered. https://t.co/tzErjOsTu2,86,BBC
-0.34,Tue Feb 20 17:28:15 +0000 2018,0.806,0.194,0.0,RT @bbccomedy: Why bother thinking when you can just speak... üôà https://t.co/xTiVZI6Haw,87,BBC
0.6369,Tue Feb 20 16:58:04 +0000 2018,0.781,0.0,0.219,"üé∂üíï From @machinegunkelly and @Camila_Cabello to @CraigDavid and @bastilledan...

üé§üéß 7 of the best collaborations fr‚Ä¶ https://t.co/X3KPB5mIU5",88,BBC
0.3612,Tue Feb 20 16:54:08 +0000 2018,0.8,0.0,0.2,RT @BBCNewsround: .@Elise_Christie wants to thank her young fans üíú  #PyeongChang2018 https://t.co/0gMwuDGYpq,89,BBC
0.6988,Tue Feb 20 16:34:15 +0000 2018,0.734,0.0,0.266,"RT @mixital: üë∞New #DoctorWho #fanfic challenge!üë∞
Write a story featuring Donna Noble!

Share it with us here: https://t.co/zW42ZnvJnc
#donn‚Ä¶",90,BBC
0.6939,Tue Feb 20 14:38:02 +0000 2018,0.624,0.111,0.266,"RT @BBCSport: The greatest ""will they, won't they"" love story ever told... in Canada? üíï

People are loving the chemistry between Tessa Virt‚Ä¶",91,BBC
0.0,Tue Feb 20 13:31:04 +0000 2018,1.0,0.0,0.0,"üêÆ‚û°Ô∏èüèù A runaway cow has escaped from a slaughterhouse to live on an island. 
üëâhttps://t.co/m1IGqofoHk https://t.co/qZWIdCQiIO",92,BBC
0.0772,Tue Feb 20 13:02:02 +0000 2018,0.751,0.116,0.133,Could #VanLife be the solution to high house prices and a shortage of rental properties? https://t.co/M5iK1KcylX,93,BBC
0.0,Tue Feb 20 12:32:04 +0000 2018,1.0,0.0,0.0,"üé® Revealing your favourite works of art by women.
üëâ https://t.co/uc7Z0rHaB3 https://t.co/yzhl4SaLXg",94,BBC
-0.6124,Tue Feb 20 12:00:14 +0000 2018,0.81,0.19,0.0,"üò≠üíî From @EdSheeran's Supermarket Flowers to @MileyCyrus' Wrecking Ball, here are seven of the saddest real-life sto‚Ä¶ https://t.co/gjsO5bIXCw",95,BBC
0.0,Tue Feb 20 11:49:56 +0000 2018,1.0,0.0,0.0,"RT @bbcmusic: üôå@LiamPayne is going to be joining @RitaOra on stage at tomorrow nights @BRITs üòç
üëâhttps://t.co/VLEhSt94wM https://t.co/Cz8GAv‚Ä¶",96,BBC
0.0,Tue Feb 20 11:03:04 +0000 2018,1.0,0.0,0.0,"RT @BBCSport: ""It just wasn't meant to be.""

We feel for you, Elise Christie.

#pyeongchang2018 #bbcolympics https://t.co/Fra5m09ajZ",97,BBC
-0.4215,Tue Feb 20 10:48:04 +0000 2018,0.859,0.141,0.0,"üá¨üáß‚õ∏ Elise Christie has been disqualified after a dramatic 1000m heat at the #WinterOlympics. 

@BBCSport has the la‚Ä¶ https://t.co/EVnPcmFlpI",98,BBC
0.3182,Tue Feb 20 10:39:17 +0000 2018,0.881,0.0,0.119,"RT @BBC_Teach: üö® #500Words deadline approaching üö®

Know any budding writers thinking of entering @BBCRadio2's competition? Make sure they g‚Ä¶",99,BBC
-0.296,Tue Feb 20 10:31:56 +0000 2018,0.885,0.115,0.0,RT @BBCTwo: Missed #Collateral last night? Here's everything you need to know about our gripping new drama... https://t.co/Vqh2eRtlVE,100,BBC
0.5093,Fri Feb 23 18:15:40 +0000 2018,0.845,0.0,0.155,RT @thegoodfight: This is our new favorite thing. Christine Baranski debuted #TheGoodFight the Musical on @colbertlateshow last night! üéµüé§‚Ä¶,1,CBS
0.0,Thu Feb 22 19:26:52 +0000 2018,1.0,0.0,0.0,"RT @LivinBiblically: Confession time: have YOU ever hit the ""close door"" button in an elevator while somebody was approaching? The cast of‚Ä¶",2,CBS
0.0,Wed Feb 21 19:20:04 +0000 2018,1.0,0.0,0.0,RT @CBSEyeSpeak: Mark your calendars! #CBSEyeSpeak kicks off March 14 with The EYE Speak Summit. Follow our page for more details! https://‚Ä¶,3,CBS
0.6808,Wed Feb 21 18:19:25 +0000 2018,0.752,0.0,0.248,"RT @CBSEyeSpeak: Proud to announce a new CBS initiative, promoting female empowerment and developing the next generation of leaders through‚Ä¶",4,CBS
0.4404,Tue Feb 20 19:55:19 +0000 2018,0.884,0.0,0.116,"RT @LivinBiblically: When you're living by the Bible, it's good to have a priest and a rabbi on call (provided they answer their phones, th‚Ä¶",5,CBS
-0.4019,Tue Feb 20 17:58:18 +0000 2018,0.881,0.119,0.0,"RT @thegoodfight: Chicago lawyers are being hunted and the world is going insane. 

The new season of #TheGoodFight premieres Sunday, March‚Ä¶",6,CBS
0.3612,Tue Feb 20 17:39:51 +0000 2018,0.872,0.0,0.128,Ready for some larger than life competition? This new series from @MarkBurnettTV will premiere in summer 2018.‚Ä¶ https://t.co/gDXHLdIJ5v,7,CBS
0.6124,Sat Feb 17 01:07:20 +0000 2018,0.773,0.0,0.227,"With tournament dreams on the line, make sure to stream these college basketball matchups on CBS All Access:‚Ä¶ https://t.co/SGkYUZrQWB",8,CBS
0.3182,Fri Feb 16 18:42:43 +0000 2018,0.892,0.0,0.108,"RT @LivinBiblically: While Chip's sticking to the Bible's original rules, the cast of #LivingBiblically has given them a more modern makeov‚Ä¶",9,CBS
0.68,Fri Feb 16 17:48:20 +0000 2018,0.752,0.0,0.248,"Casting News! Peter Mark Kendall, Michael Gaston, Greg Wise, Rade ≈†erbed≈æija, Zack Pearlman, and Keye Chen join the‚Ä¶ https://t.co/GFob2KrD8H",10,CBS
0.8619,Wed Feb 14 19:23:27 +0000 2018,0.534,0.0,0.466,RT @BullCBS: The verdict is in...#Bull is the perfect Valentine! ‚ù§Ô∏è Happy #ValentinesDay! https://t.co/poEejI4AnC,11,CBS
0.0,Tue Feb 13 20:03:56 +0000 2018,1.0,0.0,0.0,"RT @NoActivityCBS: Car 27 reporting: Season 2 of #NoActivity coming soon!

Binge season one now on CBS All Access: https://t.co/yvxoQMeyhN‚Ä¶",12,CBS
0.7506,Tue Feb 13 18:54:52 +0000 2018,0.748,0.0,0.252,"RT @LivinBiblically: Against all odds (and the advice of his God Squad), Chip is determined to live life by the Good Book. Think you could‚Ä¶",13,CBS
0.0,Mon Feb 12 18:49:45 +0000 2018,1.0,0.0,0.0,RT @thegoodfight: Christine Baranski reflects upon the spectacular metamorphosis of her character in #TheGoodFight's first season. Revisit‚Ä¶,14,CBS
0.0,Mon Feb 12 01:32:33 +0000 2018,1.0,0.0,0.0,RT @startrekcbs: Binge the entire first season of #StarTrekDiscovery. All 15 episodes now streaming on CBS All Access: https://t.co/lKLaptP‚Ä¶,15,CBS
0.8478,Fri Feb 09 00:50:01 +0000 2018,0.696,0.0,0.304,RT @SuperiorDonuts: Looking for a #Valentine? Tush is here to help you land your dream date just in time for the day of love! #SuperiorDonu‚Ä¶,16,CBS
-0.5859,Thu Feb 08 16:09:35 +0000 2018,0.814,0.186,0.0,RT @CBSBigBrother: The pressure is on as the Houseguests battle each other for victory in the first HOH competition. Stream the season prem‚Ä¶,17,CBS
0.0516,Wed Feb 07 18:35:19 +0000 2018,0.934,0.0,0.066,"RT @startrekcbs: Sunday, this season's epic journey reaches its final reckoning. Catch up before the season finale: https://t.co/4Ea5wpmAep‚Ä¶",18,CBS
0.5574,Wed Feb 07 16:17:48 +0000 2018,0.536,0.152,0.312,"Are you a sucker for jaw-dropping talent competitions? Announcing The World's Best, a first-of-its-kind new global‚Ä¶ https://t.co/fagCMklm2Z",19,CBS
0.0,Tue Feb 06 22:21:39 +0000 2018,1.0,0.0,0.0,"RT @BullCBS: Tonight, one of these 3 TAC employees will end up incarcerated. Who do you think it will be? Tune into a new episode of #Bull‚Ä¶",20,CBS
0.0772,Tue Feb 06 17:05:49 +0000 2018,0.773,0.106,0.121,"RT @thegoodfight: There's no season like lawyer season. #TheGoodFight returns March 4, exclusively on CBS All Access. https://t.co/XAlrg1nB‚Ä¶",21,CBS
0.0,Sun Feb 04 15:35:36 +0000 2018,1.0,0.0,0.0,"RT @thegoodfight: The acclaimed series returns in 1 month. #TheGoodFight is back Sunday, March 4. https://t.co/5BNLTYRd8p https://t.co/yInP‚Ä¶",22,CBS
0.1531,Sun Feb 04 12:00:01 +0000 2018,0.882,0.0,0.118,".@KeshaRose's emotional performance with @CyndiLauper, @AndraDayMusic, @BebeRexha and @Camila_Cabello brought the a‚Ä¶ https://t.co/qpgS2e9ir0",23,CBS
0.0,Sat Feb 03 23:11:43 +0000 2018,1.0,0.0,0.0,Broadway legend Patti LuPone paid tribute to Sir Andrew Lloyd Webber with a show-stopping rendition of the iconic s‚Ä¶ https://t.co/GxqLtUzhFP,24,CBS
0.8268,Sat Feb 03 12:00:07 +0000 2018,0.662,0.0,0.338,"Relive an entire night's worth of big wins, live performances and many more inspiring moments from The 60th Annual‚Ä¶ https://t.co/CH7mJ4Y3QT",25,CBS
-0.0772,Fri Feb 02 22:36:13 +0000 2018,0.925,0.075,0.0,RT @swatcbs: ‚ú®@TheTalkCBS' @TheRealEve and @ShemarMoore brought some serious heat to the GRAMMYs red carpet: https://t.co/WYTITKkLQd https:‚Ä¶,26,CBS
0.4019,Fri Feb 02 20:07:40 +0000 2018,0.856,0.0,0.144,"The all-star collaboration between @Rihanna, @DJKhaled and @brysontiller brought the party to the #GRAMMYs with a s‚Ä¶ https://t.co/jTv5QbtgUp",27,CBS
0.4003,Fri Feb 02 19:03:33 +0000 2018,0.876,0.0,0.124,RT @TheTalkCBS: All the #redcarpet looks from the 60th annual #GRAMMYs! Did you catch @TheRealEve's sparkly two-piece suit? Diamond accents‚Ä¶,28,CBS
0.6114,Fri Feb 02 17:23:18 +0000 2018,0.834,0.0,0.166,Go backstage with the celebs and see which stars celebrated the big night together! Here are the moments you missed‚Ä¶ https://t.co/rgQTXRQyLg,29,CBS
0.0,Thu Feb 01 22:04:41 +0000 2018,1.0,0.0,0.0,üé∂ @DearEvanHansen star Ben Platt gave a soaring performance of a classic Broadway hit. Watch him perform 'Somewhere‚Ä¶ https://t.co/HcuizFWo02,30,CBS
0.0,Thu Feb 01 20:09:49 +0000 2018,1.0,0.0,0.0,"üé∏ @LittleBigTown, @U2, @BrunoMars and @Pink are just a few of the superstar performers that lit up the stage at The‚Ä¶ https://t.co/2v0MNYMItG",31,CBS
0.1139,Wed Jan 31 21:42:15 +0000 2018,0.912,0.0,0.088,"Don't miss country stars Emmylou Harris and @ChrisStapleton perform a moving rendition of @TomPetty's classic song,‚Ä¶ https://t.co/GxoIW97XIu",32,CBS
0.1007,Wed Jan 31 17:05:47 +0000 2018,0.75,0.115,0.135,RT @survivorcbs: Get excited! üôå It‚Äôs finally time to meet the castaways of #Survivor: Ghost Island ‚ò† https://t.co/xQQ8ROhKbM https://t.co/P‚Ä¶,33,CBS
0.4588,Wed Jan 31 16:37:17 +0000 2018,0.812,0.0,0.188,"Country stars @EricChurch, @BrothersOsborne and @MarenMorris performed a touching tribute dedicated to the victims‚Ä¶ https://t.co/YCIq9i70fd",34,CBS
0.1779,Wed Jan 31 06:55:30 +0000 2018,0.779,0.095,0.126,Missed the Man vs. Beast #SuperBowlCommercials showdown? Catch up now to find out which entertaining ad was named t‚Ä¶ https://t.co/SlyO0n7yMX,35,CBS
-0.2263,Wed Jan 31 02:15:16 +0000 2018,0.569,0.252,0.179,"RT @rikimae: Ok, that one makes me cry #superbowlcommercials",36,CBS
-0.4767,Wed Jan 31 01:58:40 +0000 2018,0.744,0.256,0.0,"If this doesn‚Äôt make you cry, nothing will. #SuperBowlCommercials https://t.co/UjFf3xr4so",37,CBS
0.4939,Wed Jan 31 01:52:46 +0000 2018,0.625,0.119,0.256,"RT @maverickkr: #superbowlcommercials the frogs were great, I'd forgotten about that one.",38,CBS
0.5093,Wed Jan 31 01:49:43 +0000 2018,0.81,0.0,0.19,"If you haven't voted yet, it's not too late! Choose your favorite here: https://t.co/s4pEIF5IX8‚Ä¶ https://t.co/VCa1YHDyYy",39,CBS
0.8261,Wed Jan 31 01:31:27 +0000 2018,0.566,0.0,0.434,RT @5691e44f3b66446: I am having so much fun ...the commercials are awesome #superbowlcommercials,40,CBS
0.8309,Wed Jan 31 01:29:10 +0000 2018,0.586,0.0,0.414,RT @LittleShelbyMae: Love watching the #superbowlcommercials all the animal ones are my favorite!!,41,CBS
0.6588,Wed Jan 31 01:24:16 +0000 2018,0.614,0.0,0.386,RT @PatHale915: Doritos time machine was great!   #superbowlcommercials,42,CBS
-0.5106,Wed Jan 31 01:18:37 +0000 2018,0.602,0.398,0.0,Never make a goat angry. #SuperBowlCommercials https://t.co/xRJssdAErk,43,CBS
0.0,Wed Jan 31 01:17:37 +0000 2018,1.0,0.0,0.0,RT @MsLindsieStarr: That dang goat! #Doritos #superbowlcommercials,44,CBS
0.7525,Wed Jan 31 01:16:15 +0000 2018,0.651,0.0,0.349,Do you remember this Super Bowl commercial featuring @KevinHart4real playing an overprotective father?‚Ä¶ https://t.co/ejLnTEG5ug,45,CBS
0.0,Wed Jan 31 01:08:01 +0000 2018,1.0,0.0,0.0,RT @dRoy: Homework will take a break for now. #superbowlcommercials on cbs is on üëå,46,CBS
0.8516,Wed Jan 31 01:04:34 +0000 2018,0.42,0.0,0.58,RT @Mixxxalv: Watching #superbowlcommercials let the best win!,47,CBS
0.8442,Wed Jan 31 01:00:35 +0000 2018,0.649,0.0,0.351,Super Bowl Greatest Commercials 2018 hosts @7BOOMERESIASON and @DanielaRuah are moments away from announcing the tw‚Ä¶ https://t.co/cKM1WXPc9u,48,CBS
0.923,Wed Jan 31 00:55:04 +0000 2018,0.594,0.0,0.406,It's Man vs. Beast as these classic Super Bowl spots face off tonight on Super Bowl Greatest Commercials 2018! Tune‚Ä¶ https://t.co/GcoSAcfeUd,49,CBS
0.5994,Wed Jan 31 00:37:20 +0000 2018,0.794,0.0,0.206,"Tonight, get a first look at #ChrisElliott starring in the new @AvosfromMexico Super Bowl Commercial on‚Ä¶ https://t.co/WMEjsZfgdg",50,CBS
0.8834,Wed Jan 31 00:11:53 +0000 2018,0.593,0.0,0.407,"Join @NCISLA's @DanielaRuah and @7BOOMERESIASON on Super Bowl Greatest Commercials 2018, tonight at 8/7c on CBS and‚Ä¶ https://t.co/nzVu1FCRc5",51,CBS
0.8553,Tue Jan 30 23:35:01 +0000 2018,0.724,0.0,0.276,Everyone knows the best part of the Super Bowl is the commercials! Find out how to tune in and vote for your favori‚Ä¶ https://t.co/KGDYl9oF98,52,CBS
0.8553,Tue Jan 30 21:19:22 +0000 2018,0.694,0.0,0.306,Throw it back to this classic Michael Jordan vs. Larry Bird spot tonight on Super Bowl Greatest Commercials 2018! W‚Ä¶ https://t.co/g2H4zV7wIN,53,CBS
0.9215,Tue Jan 30 18:46:04 +0000 2018,0.609,0.0,0.391,"Super Bowl Greatest Commercials 2018 airs tonight! Cast your vote now, then tune in and vote for the winner live at‚Ä¶ https://t.co/h4jGpUheP5",54,CBS
0.0,Tue Jan 30 16:00:02 +0000 2018,1.0,0.0,0.0,Remember when @robinthicke and Lil Wayne (@liltunechi) joined jazz legends on stage at the 51st #GRAMMYs? Watch thi‚Ä¶ https://t.co/2l8gBdOrli,55,CBS
0.5994,Tue Jan 30 04:03:31 +0000 2018,0.813,0.0,0.187,"Tomorrow, catch a sneak peek of the incredible @TiffanyHaddish in her first Super Bowl Commercial for @Groupon on‚Ä¶ https://t.co/RlehujNvFN",56,CBS
0.6908,Tue Jan 30 03:17:51 +0000 2018,0.711,0.0,0.289,Rapper @Logic301 delivered a poignant message of hope to conclude his powerful performance with @alessiacara and‚Ä¶ https://t.co/elSqZExRtN,57,CBS
0.0,Tue Jan 30 02:12:15 +0000 2018,1.0,0.0,0.0,Even our host @JKCorden was starstruck when Broadway icon Patti LuPone performed at The #GRAMMYs! https://t.co/YJhNBllFh6,58,CBS
-0.296,Tue Jan 30 01:29:06 +0000 2018,0.885,0.115,0.0,Childish Gambino serenaded the crowd with his smooth vocals in this mesmerizing performance. Watch him perform 'Ter‚Ä¶ https://t.co/TkWZP7PS22,59,CBS
0.0,Tue Jan 30 00:11:05 +0000 2018,1.0,0.0,0.0,.@OfficialSting and @shaggy757 joined together to bring their upbeat reggae vibes to Madison Square Garden. Watch t‚Ä¶ https://t.co/iqq0DbM1IR,60,CBS
0.3818,Mon Jan 29 22:45:21 +0000 2018,0.885,0.0,0.115,Superstar @Pink left it all on the stage last night in a simply stunning performance that brought the crowd to thei‚Ä¶ https://t.co/B9Tj5INcNu,61,CBS
0.5093,Mon Jan 29 22:10:15 +0000 2018,0.758,0.079,0.162,Check out these photos of the night's best backstage moments you didn't see on TV! Here's what you missed at The 60‚Ä¶ https://t.co/6TBI8NV8JJ,62,CBS
0.0,Mon Jan 29 20:00:04 +0000 2018,1.0,0.0,0.0,The dapper duo of @itstonybennett and @johnlegend brought down the #GRAMMYs house with an impromptu duet.‚Ä¶ https://t.co/ucRrAFk59f,63,CBS
0.7783,Mon Jan 29 19:00:05 +0000 2018,0.714,0.0,0.286,üé∂@BrunoMars worked his 24K Magic to become the night's biggest winner. See his #GRAMMYs acceptance speech for Album‚Ä¶ https://t.co/dXzjWH0myx,64,CBS
0.9259,Mon Jan 29 18:00:02 +0000 2018,0.558,0.0,0.442,When your win at The #GRAMMYs feels like 24K Magic! Congratulations to @BrunoMars for taking home six awards this y‚Ä¶ https://t.co/UhWCE8OKfK,65,CBS
0.0,Mon Jan 29 17:15:04 +0000 2018,1.0,0.0,0.0,‚ú®@LadyGaga's stripped-down performance soared on the #GRAMMYs stage. See all the night's performances here:‚Ä¶ https://t.co/Dw6xSzeeGC,66,CBS
0.5106,Mon Jan 29 16:00:05 +0000 2018,0.837,0.0,0.163,"Relive epic GRAMMY rock performances from @Metallica, @beck, @coldplay and more on @AppleMusic. Start your free tri‚Ä¶ https://t.co/xmkaZGjlMM",67,CBS
0.1531,Mon Jan 29 15:00:03 +0000 2018,0.914,0.0,0.086,"The #GRAMMYs were full of emotional performances, stirring speeches, and jaw-dropping fashion. See all the red carp‚Ä¶ https://t.co/yqpOW9tWm3",68,CBS
0.3182,Mon Jan 29 14:00:02 +0000 2018,0.741,0.123,0.136,Watch @BrunoMars and @iamcardib pull out all the stops at the #GRAMMYs for their fun and funky duet of 'Finesse.'‚Ä¶ https://t.co/z1ZTosotw9,69,CBS
0.6597,Mon Jan 29 13:00:01 +0000 2018,0.707,0.0,0.293,"With his powerful single 'Pray,"" @samsmithworld captivated the #GRAMMYs crowd. Watch the full performance:‚Ä¶ https://t.co/159qGVFyxW",70,CBS
0.0,Mon Jan 29 12:00:03 +0000 2018,1.0,0.0,0.0,Music's biggest stars came together for a night of celebration and song at the The 60th Annual #GRAMMYs! Stream the‚Ä¶ https://t.co/flFIflTQ5s,71,CBS
0.0,Mon Jan 29 08:18:18 +0000 2018,1.0,0.0,0.0,The stage was packed with star power from start to finish on Music's Biggest Night¬Æ! Catch up on all the live perfo‚Ä¶ https://t.co/Mzqp82FiUS,72,CBS
0.5719,Mon Jan 29 07:40:26 +0000 2018,0.73,0.0,0.27,See who won big on Music's Biggest Night¬ÆÔ∏è: https://t.co/yyb8bwMqEx #GRAMMYs https://t.co/OgV3UcK3jw,73,CBS
0.3612,Mon Jan 29 07:25:04 +0000 2018,0.878,0.0,0.122,Get ready to sing along as @eltonofficial and @MileyCyrus deliver an unforgettable rendition of the iconic song 'Ti‚Ä¶ https://t.co/upVo9SZUCh,74,CBS
0.7506,Mon Jan 29 07:01:01 +0000 2018,0.686,0.0,0.314,"See @littlebigtown belt out a heartfelt version of their hit song 'Better Man,' written by @taylorswift13:‚Ä¶ https://t.co/mQJZ4lIOtZ",75,CBS
0.5719,Mon Jan 29 06:15:02 +0000 2018,0.734,0.0,0.266,See @U2's intense #GRAMMYs performance in front of the majestic Statue of Liberty: https://t.co/Y1ZhzDYPdt https://t.co/SOf9kpMHOq,76,CBS
0.0,Mon Jan 29 05:34:44 +0000 2018,1.0,0.0,0.0,"Relive @LuisFonsi, @daddy_yankee, and @zuleyka_rivera's electric performance of 'Despacito' that lit up the‚Ä¶ https://t.co/9m1mytX9VW",77,CBS
0.0,Mon Jan 29 04:19:55 +0000 2018,1.0,0.0,0.0,We caught up with @imjmichaels on the #GRAMMYs red carpet and learned all about how @IBM is using Watson and AI to‚Ä¶ https://t.co/sJpn44xPnV,78,CBS
0.8779,Mon Jan 29 04:12:46 +0000 2018,0.641,0.0,0.359,"It was real y'all. Congratulations to everyone who won and all who were nominated. Finally, thank you to everyone w‚Ä¶ https://t.co/jqBkGTtEyM",79,CBS
0.7959,Mon Jan 29 04:10:47 +0000 2018,0.706,0.0,0.294,Drippin' in finesse üôå @BrunoMars wins Album Of The Year at The #GRAMMYs! See all of the winners here:‚Ä¶ https://t.co/BK4bF9ggSI,80,CBS
0.5859,Mon Jan 29 03:58:49 +0000 2018,0.513,0.0,0.487,That. Performance. Wow. #GRAMMYs https://t.co/rDg37rzQvn,81,CBS
0.6696,Mon Jan 29 03:55:24 +0000 2018,0.848,0.0,0.152,"RT @CBSNews: ""My father, if you are watching this dad, I love you. Look at me, pop, look at me, I'm at the #Grammys right now!"" @BrunoMars‚Ä¶",82,CBS
-0.34,Mon Jan 29 03:55:20 +0000 2018,0.888,0.112,0.0,"RT @CBSNews: .@HillaryClinton makes an appearance at #Grammys during a reading of ""Fire and Fury."" The book details President Trump's first‚Ä¶",83,CBS
0.0572,Mon Jan 29 03:53:06 +0000 2018,0.864,0.062,0.073,You don't want to miss a moment of The #GRAMMYs. Watch now on CBS and CBS All Access: https://t.co/rtZ7sSGFOC https://t.co/oVvgF0CNLr,84,CBS
0.6114,Mon Jan 29 03:50:25 +0000 2018,0.688,0.0,0.312,"RT @TheSaraNoH: Thank you @RecordingAcad for helping to keep music in schools! 

#GRAMMYs",85,CBS
0.5994,Mon Jan 29 03:49:19 +0000 2018,0.606,0.0,0.394,RT @pawprintedzoe: Music is a beautiful thing #Grammys,86,CBS
0.4588,Mon Jan 29 03:46:27 +0000 2018,0.727,0.0,0.273,What was your favorite #GRAMMY moment from tonight? https://t.co/x3q4ZhltV9,87,CBS
0.8118,Mon Jan 29 03:45:43 +0000 2018,0.749,0.0,0.251,24K Magic is in the air at the 60th Annual #GRAMMYs! @BrunoMars wins Record Of The Year! See all of the winners her‚Ä¶ https://t.co/jGaqsvQt7W,88,CBS
0.6696,Mon Jan 29 03:37:35 +0000 2018,0.522,0.0,0.478,RT @CBSTweet: Cute family alert! @pink üíï #GRAMMYs https://t.co/isveVC8aoJ,89,CBS
0.0,Mon Jan 29 03:37:27 +0000 2018,1.0,0.0,0.0,"Slay all day, @sza! #GRAMMYs https://t.co/h1oCVMZE55",90,CBS
0.5859,Mon Jan 29 03:34:36 +0000 2018,0.817,0.0,0.183,CBS Stars @shemarmoore from @swatcbs and @TheRealEve from @TheTalkCBS charming the crowd at The 60th Annual #GRAMMYs https://t.co/HLnRBE2rFW,91,CBS
0.0,Mon Jan 29 03:27:04 +0000 2018,1.0,0.0,0.0,"RT @Jordan_Roth: And THAT is how it‚Äôs done, kids. #Patti #GRAMMYs",92,CBS
0.0,Mon Jan 29 03:25:53 +0000 2018,1.0,0.0,0.0,üíÉüíÉüíÉ https://t.co/VZB0QEbajw,93,CBS
-0.5267,Mon Jan 29 03:25:26 +0000 2018,0.702,0.298,0.0,RT @AnnaKendrick47: Punish me with those vocals @BenSPLATT üòµ #GRAMMYs,94,CBS
0.1139,Mon Jan 29 03:24:02 +0000 2018,0.929,0.0,0.071,"Blue Ivy doesn't wanna miss a minute of the action. ü§´ 

Watch The #GRAMMYs now on CBS and CBS All Access:‚Ä¶ https://t.co/26zRlvLKgl",95,CBS
0.0,Mon Jan 29 03:20:49 +0000 2018,1.0,0.0,0.0,The #GRAMMYs is a family affair...or is it? https://t.co/ohPdzp8jIZ,96,CBS
0.0,Mon Jan 29 03:12:26 +0000 2018,1.0,0.0,0.0,Generations of icons come together on the #GRAMMY stage. See all of the performances from The 60th Annual #GRAMMYs‚Ä¶ https://t.co/amGC0Lu4Di,97,CBS
0.9854,Mon Jan 29 03:06:30 +0000 2018,0.208,0.0,0.792,"RT @nictothemarie: wow
wow
wow
wow
wow
wow
wow
wow
@eltonjohn @mileycyrus
having a heart EXPLOSION
#grammys",98,CBS
0.0,Mon Jan 29 03:06:26 +0000 2018,1.0,0.0,0.0,RT @FunnyManShaun: Elton John with the Liberace swag #GRAMMYs,99,CBS
-0.6597,Sat Feb 24 20:00:05 +0000 2018,0.694,0.306,0.0,"Bombs and gunfire rock capital of Somali, killing dozens https://t.co/Jh3aI0dz1X https://t.co/b90Wq9OIQk",1,CNN
-0.7632,Sat Feb 24 19:50:35 +0000 2018,0.778,0.222,0.0,"""We are late to respond to this crisis. Very late,"" says US Ambassador to the UN Nikki Haley, accusing Russia of holding up the vote",2,CNN
0.6369,Sat Feb 24 19:45:12 +0000 2018,0.743,0.0,0.257,JUST IN: The United Nations Security Council unanimously has adopted a resolution calling for a 30-day ceasefire in‚Ä¶ https://t.co/TAHdckJxRu,3,CNN
-0.6597,Sat Feb 24 19:30:23 +0000 2018,0.671,0.329,0.0,Fear of Russian aggression is driving US military sales to Europeans https://t.co/bLWzkPmJe4 https://t.co/8nGdw4ic7z,4,CNN
0.0,Sat Feb 24 19:15:08 +0000 2018,1.0,0.0,0.0,"This is the most ""popular"" 2020 Democrat at this year's Conservative Political Action Conference‚Ä¶ https://t.co/iMg8YTIiLA",5,CNN
0.0,Sat Feb 24 19:00:16 +0000 2018,1.0,0.0,0.0,The NRA used to be much more bipartisan. Now it's mostly just a wing of the GOP. https://t.co/5Z4QrLwr1z | Analysis‚Ä¶ https://t.co/PJJ9yfbu6a,6,CNN
0.0,Sat Feb 24 18:45:11 +0000 2018,1.0,0.0,0.0,Here are some of the biggest headlines in politics to get you all caught up after a week jam-packed with news‚Ä¶ https://t.co/Kf77dtUlnz,7,CNN
0.0,Sat Feb 24 18:30:11 +0000 2018,1.0,0.0,0.0,"European Council leader says UK's Brexit position based on ""pure illusion"" https://t.co/6pTqJjkxgX https://t.co/ihNCGMrlnw",8,CNN
0.0,Sat Feb 24 18:16:55 +0000 2018,1.0,0.0,0.0,"NBA superstar Stephen Curry reacts to the mass shooting at a Florida high school: ""I think there's a lot that's bee‚Ä¶ https://t.co/76lNX3wRd1",9,CNN
0.34,Sat Feb 24 18:00:21 +0000 2018,0.844,0.0,0.156,UN Security Council will try to vote on Syria ceasefire after delays https://t.co/9BkILv0FLs https://t.co/qcR2X1iUVL,10,CNN
0.4404,Sat Feb 24 17:45:05 +0000 2018,0.854,0.0,0.146,Warren Buffett's annual letter says financial services company Berkshire Hathaway got a $29 billion gift from the n‚Ä¶ https://t.co/AZjvIzUgYa,11,CNN
0.0,Sat Feb 24 17:30:04 +0000 2018,1.0,0.0,0.0,"These schools say arming teachers ""can be done right"" https://t.co/jTEx03h7Wl https://t.co/1tErTEZWpj",12,CNN
-0.296,Sat Feb 24 17:15:09 +0000 2018,0.804,0.196,0.0,Here's what you missed during a busy news week https://t.co/NHHtVHBCiU https://t.co/ArVKf56Vui,13,CNN
-0.128,Sat Feb 24 17:00:38 +0000 2018,0.927,0.073,0.0,"CNN‚Äôs Town Hall ""Stand Up: The Students of Stoneman Douglas Demand Action‚Äù hosted by @JakeTapper is now available a‚Ä¶ https://t.co/Iv7GYir3I2",14,CNN
0.0,Sat Feb 24 17:00:27 +0000 2018,1.0,0.0,0.0,Librarians digitally archive rare White House images https://t.co/TO6LIhPCTc https://t.co/dwpuYx3vr9,15,CNN
-0.1027,Sat Feb 24 16:45:07 +0000 2018,0.663,0.181,0.157,A series of failures in Florida shooting mark week of stunning revelations https://t.co/D0tOipMVYj https://t.co/mGhZOPmZrl,16,CNN
0.6597,Sat Feb 24 16:30:20 +0000 2018,0.769,0.0,0.231,American skiing superstar Mikaela Shiffrin says her dream of winning five gold medals in the same Winter Olympics m‚Ä¶ https://t.co/0W5Dp4Io4Q,17,CNN
-0.2732,Sat Feb 24 16:26:06 +0000 2018,0.89,0.11,0.0,"Other companies to cut ties with the NRA include
‚ñ† Cybersecurity firm Symantec
‚ñ† Insurance company MetLife
‚ñ† Home s‚Ä¶ https://t.co/yK70bJ2phO",18,CNN
0.5423,Sat Feb 24 16:23:49 +0000 2018,0.8,0.0,0.2,JUST IN: Delta and United airlines have joined a growing list of companies that have ended partnerships with the Na‚Ä¶ https://t.co/TL6Vc0DHx2,19,CNN
0.5719,Sat Feb 24 16:15:13 +0000 2018,0.709,0.0,0.291,Canada wins ice hockey bronze against Czech Republic https://t.co/5u5FmUpKel https://t.co/4PWgGtDAX1,20,CNN
-0.34,Sat Feb 24 16:00:21 +0000 2018,0.821,0.179,0.0,NBC's $12 billion investment in the Olympics is looking riskier https://t.co/9XpDw29FIa https://t.co/am7THagM3z,21,CNN
-0.34,Sat Feb 24 15:45:14 +0000 2018,0.854,0.146,0.0,I'm supposed to transform from an economics teacher into a gun expert? https://t.co/YsvceaX9JL (via @CNNOpinion) https://t.co/BUJEH1NRto,22,CNN
-0.128,Sat Feb 24 15:30:12 +0000 2018,0.889,0.111,0.0,"NBA star Stephen Curry says Florida shooting is ""tough to digest"" https://t.co/z0fWhDnoHK https://t.co/ZhzrY00Kxc",23,CNN
0.0,Sat Feb 24 15:23:44 +0000 2018,1.0,0.0,0.0,Former President George W. Bush says the Rev. Billy Graham changed his life https://t.co/wlAef281ZR https://t.co/QpmYcVwoVp,24,CNN
-0.2732,Sat Feb 24 15:00:17 +0000 2018,0.884,0.116,0.0,"Researchers have identified another gene that could influence the risk of opioid dependence, a new study shows‚Ä¶ https://t.co/LBzVoTfomE",25,CNN
0.4215,Sat Feb 24 14:30:20 +0000 2018,0.823,0.0,0.177,Betsy DeVos may make it easier for student loan borrowers in bankruptcy https://t.co/pC9HlJce0K https://t.co/PrH4uWLcOb,26,CNN
-0.5423,Sat Feb 24 14:00:24 +0000 2018,0.844,0.156,0.0,"An outbreak of salmonella infections linked to chicken salad has sickened 65 people in five states, the CDC says‚Ä¶ https://t.co/wPQHwkehLb",27,CNN
0.5859,Sat Feb 24 13:30:17 +0000 2018,0.833,0.0,0.167,"The base of Sleeping Beauty Castle is surrounded in blue construction fencing with the words ""Magic is happening"" a‚Ä¶ https://t.co/hm39GDhTsj",28,CNN
-0.5994,Sat Feb 24 13:00:27 +0000 2018,0.83,0.17,0.0,News reports suggest the Hurricane Maria death toll is higher than the official estimate. Now Puerto Rico has asked‚Ä¶ https://t.co/vM9abZBGjV,29,CNN
-0.2263,Sat Feb 24 12:30:08 +0000 2018,0.753,0.142,0.105,Conspiracy theories after mass shootings like the one in Florida often originate in the dark corners of the interne‚Ä¶ https://t.co/GN7YxRInTg,30,CNN
-0.9042,Sat Feb 24 11:39:01 +0000 2018,0.603,0.397,0.0,"Taliban militants killed 18 soldiers in an assault on a military base, the deadliest of a string of attacks that sh‚Ä¶ https://t.co/vIVKbx5Hrn",31,CNN
0.0,Sat Feb 24 11:30:04 +0000 2018,1.0,0.0,0.0,Books. Smaller classes. Social workers. These are the things some teachers are asking for instead of guns. https://t.co/mqQILN0q3M,32,CNN
0.0,Sat Feb 24 11:00:11 +0000 2018,1.0,0.0,0.0,"Her chief task will be shoring up diplomatic relations with South Korea, analysts say https://t.co/utlfdqM4oQ",33,CNN
0.0,Sat Feb 24 10:30:14 +0000 2018,1.0,0.0,0.0,The most cutting-edge cars on the planet require an old-fashioned handwashing. https://t.co/mjJrIyClnS,34,CNN
0.0,Sat Feb 24 10:00:05 +0000 2018,1.0,0.0,0.0,How the Florida school shooting conspiracies sprouted and spread https://t.co/WKPpHuTn3j,35,CNN
0.0,Sat Feb 24 09:30:12 +0000 2018,1.0,0.0,0.0,"A married lesbian couple in Texas was told they couldn't apply to foster refugee children because they don't ""mirro‚Ä¶ https://t.co/GPY2tZtoFV",36,CNN
0.25,Sat Feb 24 09:14:18 +0000 2018,0.905,0.0,0.095,"South African actor John Kani, who plays T'Chaka in #BlackPanther, recalls the first time he understood what it mea‚Ä¶ https://t.co/JMTq8LtdLO",37,CNN
-0.34,Sat Feb 24 09:00:29 +0000 2018,0.893,0.107,0.0,"Americans back stricter gun laws by a nearly 2-to-1 margin, according to a new poll conducted in the wake of the sc‚Ä¶ https://t.co/dVbFAtgKaa",38,CNN
0.296,Sat Feb 24 08:43:22 +0000 2018,0.885,0.0,0.115,"US figure skater @nathanwchen, who made history with six quadruple jumps at the Winter Olympics, shares his‚Ä¶ https://t.co/0LDT0SFo2t",39,CNN
-0.3818,Sat Feb 24 08:30:09 +0000 2018,0.822,0.178,0.0,Doctors in India removed a 4-pound brain tumor from this man's head https://t.co/mvmtjpCjeh https://t.co/RQcuUBnsUD,40,CNN
-0.4215,Sat Feb 24 08:16:04 +0000 2018,0.859,0.141,0.0,Hurricane Maria sent thousands fleeing devastation in Puerto Rico. Federal data obtained by CNN suggest migrants ha‚Ä¶ https://t.co/mSgcvYH8Xt,41,CNN
0.2732,Sat Feb 24 08:00:11 +0000 2018,0.896,0.0,0.104,"A Florida lawmaker has introduced a bill that requires public schools to display the motto ""In God We Trust,"" sayin‚Ä¶ https://t.co/ZDI9vaPOgo",42,CNN
0.6486,Sat Feb 24 07:46:06 +0000 2018,0.637,0.096,0.267,"FCC chairman Ajit Pai receives a handmade rifle and the NRA's ""Charlton Heston Courage Under Fire Award"" for overse‚Ä¶ https://t.co/rpEQx3o0fv",43,CNN
0.0,Sat Feb 24 07:30:13 +0000 2018,1.0,0.0,0.0,The employer of a Filipino domestic worker whose battered body was found in a freezer in an apartment in Kuwait has‚Ä¶ https://t.co/iIX8M850F4,44,CNN
0.2732,Sat Feb 24 07:16:06 +0000 2018,0.89,0.0,0.11,"Parents worked for 37 hours last weekend to surprise elementary school students with motivational messages of hope,‚Ä¶ https://t.co/iigjrKPpx6",45,CNN
-0.7351,Sat Feb 24 07:11:31 +0000 2018,0.733,0.267,0.0,The California couple accused of holding their 13 children captive and torturing 12 of them face additional charges‚Ä¶ https://t.co/mx7ewQxdJz,46,CNN
-0.3182,Sat Feb 24 07:00:10 +0000 2018,0.85,0.15,0.0,Hoaxers are now doctoring real news stories to spread misinformation on Snapchat https://t.co/KCPkwfazv4 https://t.co/Cl2n5gmZrw,47,CNN
0.2057,Sat Feb 24 06:46:07 +0000 2018,0.913,0.0,0.087,A high school swimmer noticed a competitor sinking to the bottom of the pool and dove in without hesitation to help‚Ä¶ https://t.co/sUTVKHcEDA,48,CNN
0.0,Sat Feb 24 06:31:04 +0000 2018,1.0,0.0,0.0,"Teachers are using the hashtag #ArmMeWith to propose other resources they would rather be armed with, such as more‚Ä¶ https://t.co/w4HkebXFcu",49,CNN
-0.2023,Sat Feb 24 06:16:05 +0000 2018,0.775,0.128,0.097,The company that failed to deliver nearly all of the hot meals it promised to Puerto Ricans after Hurricane Maria p‚Ä¶ https://t.co/6SwVZ3tmF0,50,CNN
0.3818,Sat Feb 24 06:00:18 +0000 2018,0.867,0.0,0.133,Citigroup will refund about $330 million to consumers after discovering it had overcharged 1.75 million credit card‚Ä¶ https://t.co/J5mDjlrp2U,51,CNN
0.0,Sat Feb 24 05:46:04 +0000 2018,1.0,0.0,0.0,"A woman who called an FBI tip line in January about the Florida school shooter said he was ""going to explode"" and f‚Ä¶ https://t.co/ULTkmWvsN7",52,CNN
0.34,Sat Feb 24 05:30:10 +0000 2018,0.675,0.095,0.23,"Two gun safety groups want Apple, Amazon, Google and Roku to remove the NRA's online video channel from their strea‚Ä¶ https://t.co/KvVb6MHjSc",53,CNN
0.4019,Sat Feb 24 05:16:06 +0000 2018,0.863,0.0,0.137,"Special counsel Robert Mueller assembled a team of at least 17 lawyers for his investigation, bringing on private-s‚Ä¶ https://t.co/qbZbosmQNF",54,CNN
0.4472,Sat Feb 24 05:08:05 +0000 2018,0.86,0.0,0.14,"Tiffany Haddish could barely contain her excitement when she came face-to-face with Oprah Winfrey on ""The Ellen Deg‚Ä¶ https://t.co/foJBjJpuRq",55,CNN
0.4939,Sat Feb 24 05:00:15 +0000 2018,0.856,0.0,0.144,"When a man snatched a wallet from a passerby's hand, this woman ran after him. When she caught him, she offered to‚Ä¶ https://t.co/H8NcgYJE6C",56,CNN
-0.34,Sat Feb 24 04:46:04 +0000 2018,0.876,0.124,0.0,I'm supposed to transform from an economics teacher into a gun expert? | By W. Andrew Tillman via @CNNOpinion https://t.co/WFmc8aZDGa,57,CNN
-0.1027,Sat Feb 24 04:31:08 +0000 2018,0.736,0.14,0.124,"The Florida school shooter had only recently moved in with a family friend, weeks after his mother died, when he re‚Ä¶ https://t.co/NTGHazI2ES",58,CNN
0.0,Sat Feb 24 04:24:53 +0000 2018,1.0,0.0,0.0,Norway sets a new record for Winter Olympic medals -- 38 -- topping USA's total of 37 in Vancouver in 2010. Follow‚Ä¶ https://t.co/JIijbUdRz1,59,CNN
0.0,Sat Feb 24 04:16:04 +0000 2018,1.0,0.0,0.0,Rep. Claudia Tenney doubles down on her statement that many mass shooters are Democrats https://t.co/Ab3eZdzvzQ https://t.co/voXuFD4f7t,60,CNN
-0.5106,Sat Feb 24 04:01:05 +0000 2018,0.549,0.274,0.177,"A father's genes may play an important role in a woman's ovarian cancer risk, according to a new study https://t.co/Manvc3XZn5",61,CNN
-0.4939,Sat Feb 24 03:46:03 +0000 2018,0.849,0.151,0.0,"Nine years after it was stolen from a Marseille museum, French painter Edgar Degas' rousing depiction of singers at‚Ä¶ https://t.co/AHR0p0DFBJ",62,CNN
-0.4215,Sat Feb 24 03:38:04 +0000 2018,0.632,0.258,0.111,The NRA is criticizing the holes it helped create in the gun background system https://t.co/X06wOvn5hf,63,CNN
-0.4019,Sat Feb 24 03:31:05 +0000 2018,0.876,0.124,0.0,Former NFL player Jonathan Martin was detained by police in connection with a social media post that prompted the c‚Ä¶ https://t.co/rNfkcAmCDp,64,CNN
0.34,Sat Feb 24 03:29:04 +0000 2018,0.893,0.0,0.107,"After multiple delays, the UN Security Council has pushed its vote on a 30-day ceasefire in Syria to noon on Saturd‚Ä¶ https://t.co/Pvu4G8fm5u",65,CNN
-0.7184,Sat Feb 24 03:14:43 +0000 2018,0.649,0.271,0.08,"Sixty years after the Tet Offensive, South Korea is coming to terms with brutal atrocities committed by its troops‚Ä¶ https://t.co/7HB5YhAPFe",66,CNN
-0.7964,Sat Feb 24 02:51:04 +0000 2018,0.637,0.363,0.0,Stocks in gun companies have been dragged lower by a cloud of negativity after last week's mass shooting at a Flori‚Ä¶ https://t.co/f4EenjxWXg,67,CNN
-0.2023,Sat Feb 24 02:46:07 +0000 2018,0.756,0.139,0.105,"""I can't say I was consoled or helped."" A Florida shooting survivor says President Trump failed to bring her any re‚Ä¶ https://t.co/qL1IjKMtMq",68,CNN
0.0,Sat Feb 24 02:41:38 +0000 2018,1.0,0.0,0.0,"RT @AC360: Stoneman Douglas student Emma Gonzalez on Florida Gov. Rick Scott's call for raising minimum age to buy guns: ""They are very str‚Ä¶",69,CNN
0.3612,Sat Feb 24 02:41:06 +0000 2018,0.878,0.0,0.122,Florida school shooting survivor Emma Gonzalez on the deputy who stayed outside during the massacre: As a police of‚Ä¶ https://t.co/sbrbR67JGj,70,CNN
0.4019,Sat Feb 24 02:41:02 +0000 2018,0.642,0.134,0.225,"Debunking the ""single greatest Witch Hunt in American history"" | Analysis by @CillizzaCNN https://t.co/53214YPQkY https://t.co/OTEgb3M5qh",71,CNN
0.2846,Sat Feb 24 02:37:25 +0000 2018,0.851,0.0,0.149,"Florida school shooting survivor Emma Gonzalez: It's important that we have mental health reform, but we need to re‚Ä¶ https://t.co/CQ7SHLAxeE",72,CNN
0.25,Sat Feb 24 02:31:03 +0000 2018,0.909,0.0,0.091,"Uber CEO Dara Khosrowshahi says the American Dream is ""the single most incredible brand in the world,"" and he fears‚Ä¶ https://t.co/O5DFHIqPAH",73,CNN
-0.3612,Sat Feb 24 02:26:24 +0000 2018,0.878,0.122,0.0,Brazil just had its debt downgraded deeper into junk territory by Fitch Ratings as Latin America's largest country‚Ä¶ https://t.co/vft4dImOtk,74,CNN
0.0,Sat Feb 24 02:22:57 +0000 2018,1.0,0.0,0.0,President Trump stands by his signature campaign pledge of building a campaign wall along the US border with Mexico‚Ä¶ https://t.co/ogA19z95j9,75,CNN
-0.296,Sat Feb 24 02:19:56 +0000 2018,0.896,0.104,0.0,"#KeepingThemHonest: A tale of two Trumps

Pres. Trump said he would take action to stop the next school shooting an‚Ä¶ https://t.co/5qA9E4Sd5t",76,CNN
-0.5106,Sat Feb 24 02:13:07 +0000 2018,0.845,0.155,0.0,"RT @OutFrontCNN: ""This is just outrageous...I just can't even find the words to describe the disappointment"" -  Broward Co. Superintendent‚Ä¶",77,CNN
0.0,Sat Feb 24 02:11:12 +0000 2018,1.0,0.0,0.0,"More than 800,000 students live in US school districts where shootings have happened https://t.co/YwQfBAlqZN https://t.co/1f5Cbr7XED",78,CNN
0.6486,Sat Feb 24 02:01:04 +0000 2018,0.637,0.096,0.267,"FCC chairman Ajit Pai receives a handmade rifle and the NRA's ""Charlton Heston Courage Under Fire Award"" for overse‚Ä¶ https://t.co/cSg7IJEwFi",79,CNN
-0.3182,Sat Feb 24 01:59:55 +0000 2018,0.892,0.108,0.0,"A pilot lost his daughter in the shooting at a Parkland, Florida, high school and more than 100 colleagues came to‚Ä¶ https://t.co/mjP6ZybNvi",80,CNN
0.0,Sat Feb 24 01:59:19 +0000 2018,1.0,0.0,0.0,Stoneman Douglas teacher slams Trump's proposal to arm teachers: Trained professionals weren't able to follow proto‚Ä¶ https://t.co/UEN99dNruO,81,CNN
0.0,Sat Feb 24 01:50:26 +0000 2018,1.0,0.0,0.0,"RT @AC360: Stoneman Douglas teacher Diane Wolk-Rogers recounts returning to the campus for the first time since the shooting: ""I was really‚Ä¶",82,CNN
-0.7579,Sat Feb 24 01:36:42 +0000 2018,0.711,0.289,0.0,"Toronto police have announced a new charge against alleged serial killer Bruce McArthur, who is accused of burying‚Ä¶ https://t.co/xriXv3Cr56",83,CNN
-0.296,Sat Feb 24 01:34:16 +0000 2018,0.891,0.109,0.0,Plastic straw manufacturers are bracing for big changes as pressure builds to ditch the drink accessory because of‚Ä¶ https://t.co/L2djiWAckx,84,CNN
0.2732,Sat Feb 24 01:31:17 +0000 2018,0.89,0.0,0.11,"Parents worked for 37 hours last weekend to surprise elementary school students with motivational messages of hope,‚Ä¶ https://t.co/VoOvvDPmG8",85,CNN
0.2057,Sat Feb 24 01:24:14 +0000 2018,0.913,0.0,0.087,A high school swimmer noticed a competitor sinking to the bottom of the pool and dove in without hesitation to help‚Ä¶ https://t.co/TE0Z1WOVCK,86,CNN
0.3612,Sat Feb 24 01:11:20 +0000 2018,0.894,0.0,0.106,"Florida school shooting survivor Samantha Fuentes: ""As students, we can only do so much. ... Now we have to take ac‚Ä¶ https://t.co/ePUkPtmU3U",87,CNN
0.3612,Sat Feb 24 01:07:22 +0000 2018,0.878,0.0,0.122,"Florida school shooting survivor Samantha Fuentes on the deputy who stayed outside during the massacre: ""When you b‚Ä¶ https://t.co/kzN5RXDo9t",88,CNN
0.0,Sat Feb 24 01:01:11 +0000 2018,1.0,0.0,0.0,Here's what to watch for at the Winter Olympics. Follow live updates: https://t.co/ZbWnkwprZg #PyeongChang2018 https://t.co/7mIFHd3yHe,89,CNN
0.0,Sat Feb 24 00:54:39 +0000 2018,1.0,0.0,0.0,"""I can't say that I was consoled or helped. ... He didn't express any real empathy."" Samantha Fuentes, who was shot‚Ä¶ https://t.co/R8IIbqUVP1",90,CNN
0.0,Sat Feb 24 00:50:08 +0000 2018,1.0,0.0,0.0,The Trump administration is cracking down on staffing agencies that seek hard-to-get H-1B visas for high-skilled wo‚Ä¶ https://t.co/vCiNtEtmzl,91,CNN
0.3612,Sat Feb 24 00:42:18 +0000 2018,0.857,0.0,0.143,"Stoneman Douglas shooting survivor Samantha Fuentes says her call with President Trump was ""quite interesting""‚Ä¶ https://t.co/npEz7NKbZw",92,CNN
0.0,Sat Feb 24 00:40:10 +0000 2018,1.0,0.0,0.0,Here are a few takeaways from NBC's Winter Olympics performance https://t.co/ZpVLPth6jx #PyeongChang2018,93,CNN
0.3818,Sat Feb 24 00:33:06 +0000 2018,0.885,0.0,0.115,"Time is running out for buyers of some of the best-selling plug-in vehicles to get a $7,500 federal tax credit with‚Ä¶ https://t.co/PRT3W3ldWp",94,CNN
0.0,Sat Feb 24 00:31:09 +0000 2018,1.0,0.0,0.0,Olympic figure skater Adam Rippon says he would now ‚Äútotally‚Äù speak with US Vice President Mike Pence after reporte‚Ä¶ https://t.co/tLtNOJNUh6,95,CNN
0.3182,Sat Feb 24 00:27:26 +0000 2018,0.617,0.144,0.239,"""I encourage everyone who's watching to actually read these indictments. They read like a crime novel."" - Former As‚Ä¶ https://t.co/lMsqUSdeNZ",96,CNN
-0.3182,Sat Feb 24 00:22:07 +0000 2018,0.867,0.133,0.0,"Los Angeles Mayor Eric Garcetti dismisses his city's ""Kardashian"" stereotype in his South Carolina debut‚Ä¶ https://t.co/z60TFAIEkm",97,CNN
0.2023,Sat Feb 24 00:19:20 +0000 2018,0.904,0.0,0.096,"""You can have wage inflation and not necessarily have inflation concerns in general,"" says Treasury Secretary Steve‚Ä¶ https://t.co/LRaSFgEcaX",98,CNN
-0.6124,Sat Feb 24 00:16:36 +0000 2018,0.737,0.263,0.0,"A copyright infringement lawsuit alleges that the creators behind Oscars frontrunner ""The Shape of Water"" plagiariz‚Ä¶ https://t.co/thIK2jCX84",99,CNN
-0.2263,Sat Feb 24 00:12:28 +0000 2018,0.905,0.095,0.0,"Three Senate Democrats are demanding that Mick Mulvaney, head of a consumer watchdog bureau, explain why he plans t‚Ä¶ https://t.co/pnBoWvD1oQ",100,CNN
0.0,Sat Feb 24 20:01:03 +0000 2018,1.0,0.0,0.0,Obama Library to cost taxpayers $175 million. https://t.co/qOuLC5aAC9,1,Fox News
-0.2732,Sat Feb 24 19:54:44 +0000 2018,0.709,0.184,0.106,".@tedcruz losing 2018 fundraising race to likely Democratic challenger, filings show https://t.co/H3l7SluALG",2,Fox News
-0.1531,Sat Feb 24 19:52:56 +0000 2018,0.833,0.167,0.0,Watch: Moment when police officers catch falling 5-year-old https://t.co/F52XhWiYkr,3,Fox News
0.0,Sat Feb 24 19:40:29 +0000 2018,1.0,0.0,0.0,".@drmoore on Rev. @BillyGraham: ""Billy Graham was always several steps ahead of technological waves, so using not o‚Ä¶ https://t.co/TVLPLWltMT",4,Fox News
0.0,Sat Feb 24 19:40:09 +0000 2018,1.0,0.0,0.0,New Pennsylvania Congressional districts. https://t.co/KtLgovvHrz https://t.co/RjOJDUVNUn,5,Fox News
-0.5106,Sat Feb 24 19:29:14 +0000 2018,0.752,0.248,0.0,".@TuckerCarlson: 5 Ways Government Failed the Public in FL School Shooting
https://t.co/SvQ7yKjNOD",6,Fox News
0.3818,Sat Feb 24 19:25:55 +0000 2018,0.874,0.0,0.126,"Moments ago, President @realDonaldTrump doubled down on his idea of arming educators in order to protect students f‚Ä¶ https://t.co/coY7iHmlqm",7,Fox News
-0.308,Sat Feb 24 19:24:09 +0000 2018,0.63,0.205,0.165,"John Carlson on gun violence: ""What we need to do in this country is not declare a war on certain types of guns or‚Ä¶ https://t.co/ogeC6nUvGv",8,Fox News
-0.34,Sat Feb 24 19:16:09 +0000 2018,0.893,0.107,0.0,".@DanHenninger on gun control: ""As soon as you raise the word 'ban,' you also raise the Second Amendment and Republ‚Ä¶ https://t.co/4WpWnK0LMe",9,Fox News
0.0258,Sat Feb 24 19:14:59 +0000 2018,0.793,0.101,0.106,"Karol Markowicz: @KylieJenner breaks up with @Snapchat, and the $1.3 billion loss in stock value is a lesson for ot‚Ä¶ https://t.co/ehF655Rnyl",10,Fox News
-0.2732,Sat Feb 24 19:10:15 +0000 2018,0.909,0.091,0.0,"RT @FoxNewsResearch: Americans working part time because hours were cut back or they couldn‚Äôt find a full-time job:
‚Ä¢Jan 2010: 8.5M
‚Ä¢Jan 20‚Ä¶",11,Fox News
0.0,Sat Feb 24 19:04:04 +0000 2018,1.0,0.0,0.0,".@Scaramucci: ‚ÄúI really do believe that we‚Äôre going to keep the House and Senate."" https://t.co/OdYNcLc0Sp",12,Fox News
0.0,Sat Feb 24 19:03:01 +0000 2018,1.0,0.0,0.0,"TONIGHT on @WattersWorld, @JesseBWatters talks to @AnnCoulter - Tune in at 8p ET on Fox News Channel! https://t.co/QdWM8r09U3",13,Fox News
0.6408,Sat Feb 24 19:00:23 +0000 2018,0.572,0.0,0.428,NEWS ALERT: @UN votes on Syrian cease-fire solution. https://t.co/EMWcP71kcu,14,Fox News
0.4939,Sat Feb 24 18:55:11 +0000 2018,0.568,0.125,0.307,".@toddstarnes: 'In God We Trust' removed from classroom after atheist parent's complaint
https://t.co/ai48YedMWz",15,Fox News
0.0516,Sat Feb 24 18:52:25 +0000 2018,0.652,0.167,0.181,"Florida shooting victims helped by GoFundMe, comfort dogs and more https://t.co/ChsEHosF4B",16,Fox News
-0.5267,Sat Feb 24 18:50:09 +0000 2018,0.779,0.221,0.0,"Florida Student: 'Just Disgusting' That Armed Deputy Didn't Enter School During Massacre
https://t.co/Ap7xYj0uLa",17,Fox News
-0.4767,Sat Feb 24 18:39:54 +0000 2018,0.709,0.291,0.0,"Woman defecates in pants to hide drugs during arrest, cops say https://t.co/6DHN0VpdS8",18,Fox News
0.0,Sat Feb 24 18:32:03 +0000 2018,1.0,0.0,0.0,"SUNDAY on @NextRevFNC, @SteveHiltonx talks to @Scaramucci and @TomiLahren - Tune in at 9p ET on Fox News Channel! https://t.co/qe6pYt22RF",19,Fox News
0.0,Sat Feb 24 18:28:58 +0000 2018,1.0,0.0,0.0,"Radio Host: Companies Splitting From @NRA 'Basing Business Practices on Thought-Policing'
https://t.co/LIdAw1JEOi",20,Fox News
0.0,Sat Feb 24 18:19:42 +0000 2018,1.0,0.0,0.0,Report: At least three Florida deputies did not enter school during shooting. https://t.co/3YfWKJKHVO https://t.co/7qeeWXCyAr,21,Fox News
-0.5719,Sat Feb 24 18:02:41 +0000 2018,0.403,0.423,0.174,Arby's customer helps state trooper fight off attacker https://t.co/ZEfWjy8B2n,22,Fox News
0.5707,Sat Feb 24 18:00:05 +0000 2018,0.791,0.0,0.209,"SUNDAY, 10pm ET: Fox News Channel Premieres 'Life, Liberty &amp; Levin' with @marklevinshow! https://t.co/ESkSF9KmPM https://t.co/cXXdF6XHri",23,Fox News
-0.3818,Sat Feb 24 17:58:04 +0000 2018,0.794,0.206,0.0,.@POTUS threatens to pull @ICEgov agents out of California. https://t.co/iik9E6rx8A https://t.co/fsWfkpiSNW,24,Fox News
0.0,Sat Feb 24 17:52:14 +0000 2018,1.0,0.0,0.0,"Earlier today, pallbearers carried the body of Rev. @BillyGraham into a hearse before leaving the Billy Graham Trai‚Ä¶ https://t.co/VqzyIn3lXf",25,Fox News
0.8519,Sat Feb 24 17:45:42 +0000 2018,0.583,0.0,0.417,'Big Bang Theory' star Johnny Galecki hopes to inspire conversations about faith with 'Living Biblically' https://t.co/OwQnNRvYLE,26,Fox News
0.0,Sat Feb 24 17:38:01 +0000 2018,1.0,0.0,0.0,George W. Bush: How Billy Graham changed my life https://t.co/tQ1BrlRClK https://t.co/uUy6vJOyqL,27,Fox News
-0.296,Sat Feb 24 17:36:25 +0000 2018,0.896,0.104,0.0,".@THEHermanCain: ""There is an old saying: If you are in a hole, stop digging. [@NancyPelosi] doesn't know she is in‚Ä¶ https://t.co/XJFmnjIcMH",28,Fox News
0.4215,Sat Feb 24 17:25:13 +0000 2018,0.872,0.0,0.128,"At @CPAC 2018, @marklevinshow discussed the wave of activism and politics in the United States that is running coun‚Ä¶ https://t.co/DbCk8HHPuO",29,Fox News
0.0,Sat Feb 24 17:17:58 +0000 2018,1.0,0.0,0.0,"Happening Now: Motorcade carrying @BillyGraham's body traveling to Charlotte, North Carolina. https://t.co/sjPpxkMehp",30,Fox News
0.0,Sat Feb 24 17:15:05 +0000 2018,1.0,0.0,0.0,Report: At least three Florida deputies did not enter school during shooting. https://t.co/xRI3aEcFsq,31,Fox News
0.0,Sat Feb 24 17:04:19 +0000 2018,1.0,0.0,0.0,".@IvankaTrump, daughter of and adviser to President @realDonaldTrump, makes a heart as she watches the men's big ai‚Ä¶ https://t.co/dKykCDiyUa",32,Fox News
-0.7351,Sat Feb 24 16:58:50 +0000 2018,0.592,0.408,0.0,Wisconsin woman charged with killing three infants in the 1980s https://t.co/qtU0664gfw,33,Fox News
0.0,Sat Feb 24 16:51:00 +0000 2018,1.0,0.0,0.0,"Jo Dockins, of Charlotte, N.C., carries flowers as she visits the Billy Graham Library in Charlotte, N.C., Wednesda‚Ä¶ https://t.co/HieRb6NpoC",34,Fox News
-0.128,Sat Feb 24 16:50:19 +0000 2018,0.889,0.111,0.0,Woman who crashed van into barrier near the @WhiteHouse was armed - report. https://t.co/245AtYznGs,35,Fox News
-0.7783,Sat Feb 24 16:47:28 +0000 2018,0.638,0.362,0.0,"Canadian skier arrested at Pyeongchang Olympics for stealing car while intoxicated, police say https://t.co/nVvh4i4jUM",36,Fox News
0.4019,Sat Feb 24 16:39:21 +0000 2018,0.76,0.07,0.17,BREAKING NEWS: Billionaire investor Warren Buffet touted a $29 billion profit just from President @realDonaldTrump‚Äô‚Ä¶ https://t.co/UCTeYyUnkH,37,Fox News
0.0772,Sat Feb 24 16:29:55 +0000 2018,0.925,0.0,0.075,".@GovGaryJohnson: ""If you want a real deterrent, you would require teachers to carry weapons... A poll [showed] 75%‚Ä¶ https://t.co/ZyMzd7KcuK",38,Fox News
0.1531,Sat Feb 24 16:27:02 +0000 2018,0.649,0.156,0.195,Kansas and Nebraska leaders welcome NRA convention after Dallas official‚Äôs warning https://t.co/BhJP5vOKWW,39,Fox News
0.0,Sat Feb 24 16:21:03 +0000 2018,1.0,0.0,0.0,"TOMORROW on @FoxNewsSunday, Chris Wallace speaks to Delaney Tarr and Andrew Pollack - Tune in at 2p on Fox News Cha‚Ä¶ https://t.co/dXbGFQwK5g",40,Fox News
0.0,Sat Feb 24 16:15:09 +0000 2018,1.0,0.0,0.0,".@JerryFalwellJr: ""[@BillyGraham had] a simple message that we're all sinners, every one of us, and that we all hav‚Ä¶ https://t.co/9tpyFnbk4B",41,Fox News
0.0,Sat Feb 24 16:10:59 +0000 2018,1.0,0.0,0.0,"Happening Now: Motorcade carrying casket of Rev. @BillyGraham departing Graham Center in Asheville, N.C. https://t.co/uqDBTGTiBF",42,Fox News
0.5859,Sat Feb 24 16:05:52 +0000 2018,0.759,0.0,0.241,ICYMI: US men capture Olympic curling #gold with win over Sweden https://t.co/0d8SanCZgc https://t.co/ViNj5nAsNW,43,Fox News
0.0,Sat Feb 24 16:05:29 +0000 2018,1.0,0.0,0.0,Happening Now: Awaiting departure of motorcade carrying casket of Rev. @BillyGraham. https://t.co/8MoeoRqGaU,44,Fox News
-0.6361,Sat Feb 24 16:00:05 +0000 2018,0.776,0.224,0.0,"Discussing gun control, rapper @Tip said that while it should be ""more difficult for people who aren‚Äôt mentally sta‚Ä¶ https://t.co/GKA2aR0xxO",45,Fox News
0.2732,Sat Feb 24 15:59:44 +0000 2018,0.704,0.0,0.296,The humor of Ronald Reagan. https://t.co/dxIKSiDeHK,46,Fox News
0.5994,Sat Feb 24 15:53:15 +0000 2018,0.786,0.0,0.214,".@cathymcmorris: ""Congress must act to make sure that the background checks are done in a way to protect our societ‚Ä¶ https://t.co/9mjxV8LkQq",47,Fox News
0.0,Sat Feb 24 15:44:06 +0000 2018,1.0,0.0,0.0,"On Twitter, @KamalaHarris called for the protection of DACA recipients. https://t.co/psOrDIeMG4",48,Fox News
-0.5709,Sat Feb 24 15:34:02 +0000 2018,0.844,0.156,0.0,"Student Ariana Klein on Deputy Scot Peterson: ""It's absolutely disgusting. He knew his job. He knew what he had to‚Ä¶ https://t.co/XBYZTPxYEe",49,Fox News
0.0,Sat Feb 24 15:31:53 +0000 2018,1.0,0.0,0.0,U.S. markets so far this year. https://t.co/GxvHc2xR4v,50,Fox News
-0.4479,Sat Feb 24 15:29:02 +0000 2018,0.758,0.162,0.08,"Heckler: ""How much are you worth, Nancy? Are you in abject poverty? How much are you worth?""

@NancyPelosi: ""We're‚Ä¶ https://t.co/yqP6uCbdfw",51,Fox News
0.0,Sat Feb 24 15:20:04 +0000 2018,1.0,0.0,0.0,"TOMORROW on @FoxNewsSunday, Chris Wallace speaks exclusively to @FLGovScott - Tune in at 2p on Fox News Channel! https://t.co/splPAbmkJU",52,Fox News
-0.2732,Sat Feb 24 15:15:45 +0000 2018,0.694,0.196,0.11,"Lt. Col. Peters: ""I support the Second Amendment... I'm a gun owner. I know guns. My family's a gun family going wa‚Ä¶ https://t.co/CBNhQj3syW",53,Fox News
-0.3535,Sat Feb 24 15:13:27 +0000 2018,0.83,0.17,0.0,Report: More Broward deputies accused of waiting outside school during Florida shooting. https://t.co/0or0mrMjDT,54,Fox News
0.5707,Sat Feb 24 15:06:04 +0000 2018,0.791,0.0,0.209,"SUNDAY, 10pm ET: Fox News Channel Premieres 'Life, Liberty &amp; Levin' with @marklevinshow! https://t.co/ESkSF9KmPM https://t.co/U67kZmlTdm",55,Fox News
0.0,Sat Feb 24 15:03:44 +0000 2018,1.0,0.0,0.0,".@IvankaTrump, daughter of and adviser to President @realDonaldTrump, makes a heart as she watches the men's big ai‚Ä¶ https://t.co/NYb8Umw6eF",56,Fox News
0.0,Sat Feb 24 14:59:05 +0000 2018,1.0,0.0,0.0,Obama Library to cost taxpayers $175 million. https://t.co/VRqfA8BEju,57,Fox News
0.0,Sat Feb 24 14:50:16 +0000 2018,1.0,0.0,0.0,"Report: 4 deputies ""hid"" during school shooting. https://t.co/lllv5AjDsp https://t.co/x8QIg4yhK1",58,Fox News
-0.5267,Sat Feb 24 14:45:23 +0000 2018,0.568,0.312,0.119,"Trump supporter, 76, blames ‚Äòfake news‚Äô @CNN for threats following reporter ambush https://t.co/Yy4hetrMww",59,Fox News
0.0,Sat Feb 24 14:33:16 +0000 2018,1.0,0.0,0.0,#CPAC2018 speakers today. https://t.co/bxJmFvzyjv,60,Fox News
-0.5106,Sat Feb 24 14:29:52 +0000 2018,0.563,0.296,0.141,"Gov. @GregAbbott_TX: Focus on Mental Health, Society's Glorification of Violence to Stop Mass Shootings https://t.co/kxyK6iiC7n",61,Fox News
0.0,Sat Feb 24 14:19:38 +0000 2018,1.0,0.0,0.0,George W. Bush: How Billy Graham changed my life https://t.co/1eOEMCZ5Ht,62,Fox News
0.8481,Sat Feb 24 14:08:31 +0000 2018,0.566,0.0,0.434,"Official dyes beard pink after Kikkan Randall's Olympic gold medal win, keeping 12-year promise https://t.co/hOCPfPJXEl",63,Fox News
-0.4588,Sat Feb 24 14:04:37 +0000 2018,0.786,0.214,0.0,Scores of migrants found abandoned in freight trailer near US-Mexico border https://t.co/ejcLzcHbQa,64,Fox News
0.5563,Sat Feb 24 13:54:36 +0000 2018,0.834,0.0,0.166,.@kelliwardaz: ‚ÄúI think that the president offered the democrats an extremely generous deal on DACA‚Ä¶ and they have‚Ä¶ https://t.co/B3bdCVrzJR,65,Fox News
0.0,Sat Feb 24 13:46:16 +0000 2018,1.0,0.0,0.0,".@Scaramucci: ‚ÄúI really do believe that we‚Äôre going to keep the House and Senate for so many different reasons, but‚Ä¶ https://t.co/V2usXilyNM",66,Fox News
-0.7783,Sat Feb 24 13:41:22 +0000 2018,0.638,0.362,0.0,"Canadian skier arrested at Pyeongchang Olympics for stealing car while intoxicated, police say https://t.co/nVvh4i4jUM",67,Fox News
-0.1531,Sat Feb 24 13:24:10 +0000 2018,0.849,0.151,0.0,Watch: Moment when police officers catch falling 5-year-old https://t.co/F52XhWiYkr https://t.co/X8ag5wuMjH,68,Fox News
-0.0516,Sat Feb 24 13:02:37 +0000 2018,0.602,0.235,0.163,Student gives teacher ice cream money to help pay for father-in-law's funeral https://t.co/eYyb5B4KWL,69,Fox News
0.4404,Sat Feb 24 12:55:20 +0000 2018,0.775,0.0,0.225,.@THEHermanCain: ‚ÄúI am still thrilled with the current tax plan.‚Äù https://t.co/KieX0tl0rM,70,Fox News
0.0,Sat Feb 24 12:52:08 +0000 2018,1.0,0.0,0.0,".@hogangidley45: ‚ÄúThis president wants to keep our children safe."" https://t.co/2T7wpL4Y0I",71,Fox News
0.0,Sat Feb 24 12:49:13 +0000 2018,1.0,0.0,0.0,.@hogangidley45: ‚ÄúThis president has come in and done more to fix this country‚Ä¶ than anybody has done since Ronald‚Ä¶ https://t.co/NmjvLWBHUP,72,Fox News
0.0,Sat Feb 24 12:45:06 +0000 2018,1.0,0.0,0.0,".@hogangidley45: ‚ÄúThis president comes in, in a short amount of time has changed the tax code‚Ä¶ he‚Äôs reduced regulat‚Ä¶ https://t.co/BYAdXTaEQH",73,Fox News
-0.0258,Sat Feb 24 12:23:55 +0000 2018,0.717,0.143,0.139,Charles Hurt: ‚ÄúConservatives have enjoyed more victories over the past year than I think that we have since perhaps‚Ä¶ https://t.co/qLnA0Mbpd6,74,Fox News
0.802,Sat Feb 24 12:11:24 +0000 2018,0.573,0.0,0.427,'Donut Boy' has mission to thank cops nationwide one sweet treat at a time https://t.co/gRP0R5CfBA,75,Fox News
0.0,Sat Feb 24 11:57:13 +0000 2018,1.0,0.0,0.0,Obama library's public cost estimated at $175M: report https://t.co/LHuF5whgth,76,Fox News
0.0,Sat Feb 24 11:50:16 +0000 2018,1.0,0.0,0.0,CPAC Speakers Today https://t.co/vN8YyZ4SAK,77,Fox News
0.0,Sat Feb 24 11:41:11 +0000 2018,1.0,0.0,0.0,George W. Bush: How Billy Graham changed my life https://t.co/1eOEMCZ5Ht,78,Fox News
-0.5859,Sat Feb 24 11:34:36 +0000 2018,0.743,0.257,0.0,"Dr, Dyan Hes: ""Kids do not need to get assault rifles."" https://t.co/PMCssTel4W",79,Fox News
-0.4005,Sat Feb 24 11:32:05 +0000 2018,0.828,0.172,0.0,"Kisha Hebbon: ""I still believe that we do need more gun control laws."" https://t.co/59TnPiT3WS",80,Fox News
0.6597,Sat Feb 24 11:30:06 +0000 2018,0.748,0.0,0.252,".@JudgeJeanine: ""We have a president who actually fulfilled the promises he made during the campaign. @POTUS was fi‚Ä¶ https://t.co/IJYeVTVteC",81,Fox News
0.0,Sat Feb 24 11:27:12 +0000 2018,1.0,0.0,0.0,".@IvankaTrump, holds Luke Shuster, son of skip John Shuster, while watching the men‚Äôs final #Curling match which sa‚Ä¶ https://t.co/OiA6sblNRu",82,Fox News
0.8481,Sat Feb 24 11:00:06 +0000 2018,0.607,0.05,0.343,"A group of bikers came out to ""honor a great man"" Friday, riding to the @TheBGLibrary to pay their respects days af‚Ä¶ https://t.co/TdQuMljRjv",83,Fox News
0.4588,Sat Feb 24 10:50:44 +0000 2018,0.699,0.096,0.206,The American men have won the Olympic #gold in #curling in a decisive upset of Sweden for only the second curling m‚Ä¶ https://t.co/pEXCDAPYRP,84,Fox News
0.775,Sat Feb 24 10:30:05 +0000 2018,0.659,0.0,0.341,".@POTUS: ""Mr. Prime Minister, I also want to take this opportunity to congratulate you on your immigration reforms‚Ä¶ https://t.co/d33WJEHvdE",85,Fox News
0.0,Sat Feb 24 10:23:00 +0000 2018,1.0,0.0,0.0,Long-lost Babe Ruth WWII-era radio interview found in obscure archive https://t.co/6lf1sgxGo4,86,Fox News
-0.2732,Sat Feb 24 10:17:59 +0000 2018,0.728,0.172,0.099,"Ted Cruz losing 2018 fundraising race to likely Democratic challenger, filings show
https://t.co/6yl9f9ER5c",87,Fox News
0.0,Sat Feb 24 10:06:00 +0000 2018,1.0,0.0,0.0,Long-lost Babe Ruth WWII-era radio interview found in obscure archive https://t.co/VuClT9EWOy,88,Fox News
0.8144,Sat Feb 24 09:50:05 +0000 2018,0.655,0.0,0.345,".@Franklin_Graham: ""My father's not dead. He's more alive now than ever. He's in the presence of Almighty God. https://t.co/EsIfPpV9HQ",89,Fox News
-0.2023,Sat Feb 24 09:44:28 +0000 2018,0.494,0.278,0.228,"Reward offered after third horse killed in Southeast Texas
https://t.co/mhOvcU7OdO",90,Fox News
0.0,Sat Feb 24 09:41:00 +0000 2018,1.0,0.0,0.0,Las Vegas airport offers weed disposal bins for travelers who are holding https://t.co/WE5PkphDSF,91,Fox News
0.0516,Sat Feb 24 09:35:00 +0000 2018,0.725,0.13,0.145,"Who created these strange, ancient sculptures hidden in the Saudi desert?
 https://t.co/Td1NCxetBu",92,Fox News
0.34,Sat Feb 24 09:20:00 +0000 2018,0.522,0.187,0.291,Swarm of 200 earthquakes strikes Yellowstone super volcano https://t.co/fcSGm1GYih,93,Fox News
0.0,Sat Feb 24 09:13:00 +0000 2018,1.0,0.0,0.0,Ancient statue of Nubian king found in Nile River temple https://t.co/rNjc4FMwvK,94,Fox News
0.7184,Sat Feb 24 09:06:06 +0000 2018,0.684,0.0,0.316,".@robertjeffress: ""I think [@BillyGraham] is having unending rewards because of his faithfulness for Christ."" https://t.co/Pze5pB5ZnI",95,Fox News
0.0,Sat Feb 24 08:51:01 +0000 2018,1.0,0.0,0.0,"On ""The @IngrahamAngle,"" @EricTrump reacted to fallout from the Florida high school shooting and how his father is‚Ä¶ https://t.co/6BmuL5EfYT",96,Fox News
-0.3818,Sat Feb 24 08:48:11 +0000 2018,0.625,0.237,0.138,"Woman admits making up story about kidnapping, sexual assault, authorities say
https://t.co/wDDf7zNOcO",97,Fox News
-0.4939,Sat Feb 24 08:40:00 +0000 2018,0.714,0.286,0.0,Google Home Max can also damage wood furniture https://t.co/TRQTaL2vFj,98,Fox News
-0.7003,Sat Feb 24 08:30:04 +0000 2018,0.691,0.309,0.0,"In his speech at #CPAC2018, President @realDonaldTrump accused @TheDemocrats of prioritizing illegal immigrants ove‚Ä¶ https://t.co/Gb2oq4CaKJ",99,Fox News
-0.3612,Sat Feb 24 08:15:00 +0000 2018,0.839,0.161,0.0,Lisa Marie Presley sues former manager for $100 million after announcing massive debt https://t.co/kirruz3pkS,100,Fox News
-0.1027,Sat Feb 24 19:52:03 +0000 2018,0.792,0.114,0.094,"When Antioch College first introduced its affirmative sexual consent policy it was roundly mocked. Since then, camp‚Ä¶ https://t.co/0pwhMI8GfR",1,The New York Times
0.4023,Sat Feb 24 19:37:05 +0000 2018,0.829,0.0,0.171,Trump and his advisers insist they are not worried because so far none of Mueller's charges implicate the president https://t.co/lh8rAnh9lq,2,The New York Times
0.7579,Sat Feb 24 19:22:00 +0000 2018,0.609,0.079,0.312,24. ‚ÄúHouse Party‚Äù (1990): The rap duo Kid ‚Äôn Play star in an exuberant teenage comedy that mixes rebellious mischie‚Ä¶ https://t.co/Fz6xmEu47A,3,The New York Times
0.2732,Sat Feb 24 19:10:04 +0000 2018,0.896,0.0,0.104,An executive order says New York governors can‚Äôt take donations from their appointees. Andrew Cuomo has accepted ab‚Ä¶ https://t.co/ow7gRHnPkL,4,The New York Times
-0.296,Sat Feb 24 18:55:04 +0000 2018,0.901,0.099,0.0,"Meet 4-year-old Bilal. He was found emaciated and filthy in Mosul, Iraq, hiding in basements with his father, an IS‚Ä¶ https://t.co/cm1pmYFzCR",5,The New York Times
0.0516,Sat Feb 24 18:45:12 +0000 2018,0.766,0.113,0.121,"RT @ksacknyt: Welcome to Jean Lafitte, La., a fishing village struggling for its life against the overpowering force of rising tides. Part‚Ä¶",6,The New York Times
0.4019,Sat Feb 24 18:31:03 +0000 2018,0.766,0.081,0.153,"Opinion: ""So much seems to have changed in the decades since I stopped straightening. There is a rich and varied di‚Ä¶ https://t.co/zh9zufQIDX",7,The New York Times
0.0,Sat Feb 24 18:16:06 +0000 2018,1.0,0.0,0.0,"To many of its opponents, that decades-long string of victories is proof that the NRA has bought its political supp‚Ä¶ https://t.co/eYmN4kEJCo",8,The New York Times
0.5574,Sat Feb 24 18:01:08 +0000 2018,0.847,0.0,0.153,"At 62, Laurie Metcalf is now being widely recognized for what she's always been, an actress of remarkable power, ra‚Ä¶ https://t.co/MZWWKuBdAU",9,The New York Times
0.5267,Sat Feb 24 17:46:03 +0000 2018,0.595,0.0,0.405,Hamantaschen for chocolate lovers https://t.co/mRYTMTcMcS https://t.co/5WKaK4DyTh,10,The New York Times
-0.7964,Sat Feb 24 17:31:05 +0000 2018,0.465,0.433,0.102,Nikolas Cruz's arrest raises the rare prospect of a death penalty trial for a massacre https://t.co/IaG3GYaXkw,11,The New York Times
0.0,Sat Feb 24 17:16:05 +0000 2018,1.0,0.0,0.0,"Berkshire Hathaway got a $29 billion windfall last year from the new tax law, Warren Buffett wrote in his annual le‚Ä¶ https://t.co/dWh61bU4OP",12,The New York Times
0.6369,Sat Feb 24 17:01:05 +0000 2018,0.811,0.0,0.189,"Surpassing its own lofty expectations, Norway has delivered the greatest performance in the history of the Winter G‚Ä¶ https://t.co/hBKpUJtbde",13,The New York Times
0.0,Sat Feb 24 16:51:01 +0000 2018,1.0,0.0,0.0,"RT @nytgraphics: Capturing the twists, turns and leaps of 12 Olympians in fractions of a second. https://t.co/IeoixXmO9p https://t.co/VMRMw‚Ä¶",14,The New York Times
-0.5574,Sat Feb 24 16:41:05 +0000 2018,0.753,0.247,0.0,"Of the 19 people charged so far in the Mueller investigation, 5 have pleaded guilty https://t.co/KNwEStYaPq https://t.co/E4nTn4o1sf",15,The New York Times
0.0258,Sat Feb 24 16:26:39 +0000 2018,0.762,0.117,0.121,"This special report on Louisiana‚Äôs vanishing coast, and the people who live there, depicts a losing race against ti‚Ä¶ https://t.co/PrDyQQpI8p",16,The New York Times
-0.5267,Sat Feb 24 16:18:46 +0000 2018,0.848,0.152,0.0,"The latest threat to Louisiana‚Äôs coast is an aphid-like insect that, along with nutria and feral hogs, is destroyin‚Ä¶ https://t.co/1lNLXJJ4R6",17,The New York Times
0.0,Sat Feb 24 16:09:43 +0000 2018,1.0,0.0,0.0,"Federal, state and local governments have spent more than $20 billion on levees, flood walls, gates and pumps in gr‚Ä¶ https://t.co/mpagXFuVdQ",18,The New York Times
0.2263,Sat Feb 24 15:58:52 +0000 2018,0.894,0.0,0.106,"A football field‚Äôs worth of Louisiana wetlands vanishes every 100 minutes, according to the U.S. Geological Survey.‚Ä¶ https://t.co/AVl4J2iSB3",19,The New York Times
-0.1779,Sat Feb 24 15:50:05 +0000 2018,0.711,0.161,0.128,"Special Report: Climate change is pushing seas ever higher, threatening coastal areas worldwide. The American epice‚Ä¶ https://t.co/ufdeaWrJCz",20,The New York Times
-0.5267,Sat Feb 24 15:42:06 +0000 2018,0.841,0.159,0.0,"The conspiracy theories about the school shooting survivors in Parkland, Florida have roots dating to the civil rig‚Ä¶ https://t.co/H8KhfmQ4it",21,The New York Times
-0.4767,Sat Feb 24 15:32:01 +0000 2018,0.853,0.147,0.0,Trump mixed facts and falsehoods in a speech at CPAC. Here's a look at what he got right and wrong: https://t.co/6DXcMWErKH,22,The New York Times
0.0,Sat Feb 24 15:17:09 +0000 2018,1.0,0.0,0.0,Your weekend playlist has arrived. The week's 14 most notable new songs: https://t.co/UiwQMObPdF,23,The New York Times
0.0772,Sat Feb 24 15:02:01 +0000 2018,0.939,0.0,0.061,‚ÄúThere‚Äôs an unacceptably large number of younger miners who have end-stage disease and the only choice is to get a‚Ä¶ https://t.co/OJDRQiJWm6,24,The New York Times
0.4215,Sat Feb 24 14:42:04 +0000 2018,0.882,0.0,0.118,‚ÄúThis is the road map to reducing the obesity epidemic in the United States. It‚Äôs time for U.S. and other national‚Ä¶ https://t.co/QDdZkFh40b,25,The New York Times
0.2023,Sat Feb 24 14:31:04 +0000 2018,0.913,0.0,0.087,"The approximate top speeds of Winter Olympic athletes:
Downhill skiing: 90 mph
Bobsled: 90 mph
Luge: 85 mph
Skeleto‚Ä¶ https://t.co/aEAELMLVQU",26,The New York Times
0.0,Sat Feb 24 14:21:05 +0000 2018,1.0,0.0,0.0,"They said it would be a ""lower-cost alternative."" They didn't mention it would cost $18,375 for a bottle of 100 pil‚Ä¶ https://t.co/HD8FS7RMZs",27,The New York Times
0.449,Sat Feb 24 14:02:05 +0000 2018,0.618,0.143,0.239,"Modern Love: ""He was not supposed to die from this cancer. Two days before, I was still being told, 'It‚Äôs a bump in‚Ä¶ https://t.co/YktHHbCTPN",28,The New York Times
0.0,Sat Feb 24 13:41:05 +0000 2018,1.0,0.0,0.0,The one item that will change your weeknight cooking: The quarter-sheet pan https://t.co/M8MqWDkD57,29,The New York Times
0.0,Sat Feb 24 13:31:03 +0000 2018,1.0,0.0,0.0,There‚Äôs a familiar trope heard in living rooms around the world during the Olympic Games: ‚ÄúI could do that.‚Äù Here's‚Ä¶ https://t.co/zo6VGi4h8W,30,The New York Times
-0.631,Sat Feb 24 13:21:05 +0000 2018,0.695,0.305,0.0,"She had a rare, aggressive form of ovarian cancer. Traditional treatments failed, but with immunotherapy her tumors‚Ä¶ https://t.co/ror3CzPZXC",31,The New York Times
0.0,Sat Feb 24 13:02:04 +0000 2018,1.0,0.0,0.0,"Opinion: The misguided drive to measure ""learning outcomes"" https://t.co/4gQFbvs140",32,The New York Times
0.4404,Sat Feb 24 12:53:29 +0000 2018,0.838,0.0,0.162,"The Week in Good News: The Garlic Girls, Rhodes Scholarships and an African Funk Pioneer https://t.co/sBLtz3N3L9",33,The New York Times
-0.5106,Sat Feb 24 12:41:01 +0000 2018,0.708,0.292,0.0,Can you get sick just from being cold? https://t.co/R5I35l4ADV,34,The New York Times
0.1027,Sat Feb 24 12:21:04 +0000 2018,0.729,0.125,0.146,"New York, New Jersey, Connecticut and Rhode Island banded together to form a gun safety coalition https://t.co/I6fn1FjJo8",35,The New York Times
0.0,Sat Feb 24 12:02:08 +0000 2018,1.0,0.0,0.0,The creators of mysterious cave paintings in Europe have been found ‚Äî and it's not who scientists expected https://t.co/1sTHTwbK5B,36,The New York Times
0.5719,Sat Feb 24 11:31:08 +0000 2018,0.829,0.0,0.171,Ester Ledecka joined a short list of athletes who have won medals in different disciplines in the same Olympics https://t.co/jHfbGylo37,37,The New York Times
0.0,Sat Feb 24 11:28:31 +0000 2018,1.0,0.0,0.0,Malaysia‚Äôs Leader Stirs Up a Tempest in a Quinoa Bowl https://t.co/yheXEXvJa8,38,The New York Times
0.0,Sat Feb 24 11:24:28 +0000 2018,1.0,0.0,0.0,First Person: How I Became a 37-Year-Old Snowbird https://t.co/1xjgPpdRjE,39,The New York Times
0.0,Sat Feb 24 11:20:24 +0000 2018,1.0,0.0,0.0,Linda McMahon Gets a Ringside Seat for TrumpMania https://t.co/aDo0LBwLrx,40,The New York Times
-0.5574,Sat Feb 24 11:02:06 +0000 2018,0.833,0.167,0.0,"RT @nytopinion: A conservative prime minister in Australia was able to confiscate some 650,000 privately owned firearms and ban semiautomat‚Ä¶",41,The New York Times
-0.8402,Sat Feb 24 10:31:05 +0000 2018,0.64,0.36,0.0,Two members of Canada‚Äôs Olympic delegation were arrested in Pyeongchang after being accused of stealing a car and d‚Ä¶ https://t.co/e7sHQqa52R,42,The New York Times
0.4754,Sat Feb 24 10:14:15 +0000 2018,0.781,0.0,0.219,Trilobites: The Chambered Nautilus Is the Ocean‚Äôs Most Efficient Jet Engine https://t.co/AzAmtTRI0D,43,The New York Times
0.34,Sat Feb 24 10:06:19 +0000 2018,0.656,0.123,0.221,"Rejecting flashy forms in favor of buildings in harmony with their environment, the architect Kengo Kuma is trying‚Ä¶ https://t.co/xf0e4PmQW6",44,The New York Times
0.0,Sat Feb 24 09:46:06 +0000 2018,1.0,0.0,0.0,RT @AKannapell: What We‚Äôre Reading: @senatormayukh on Geechee food writer Vertamae Smart-Grosvenor (h/t @kimseverson); @AnnaDubenko‚Äôs Parti‚Ä¶,45,The New York Times
0.6597,Sat Feb 24 09:31:08 +0000 2018,0.707,0.0,0.293,RT @ScottCacciola: The huge crowd of Americans awaiting the curling team‚Äôs gold medal ceremony. https://t.co/rHdukh7E5o,46,The New York Times
0.0,Sat Feb 24 09:31:07 +0000 2018,1.0,0.0,0.0,Team Minnesota? You betcha. https://t.co/HPLQsaCKCF,47,The New York Times
0.0,Sat Feb 24 09:16:12 +0000 2018,1.0,0.0,0.0,"Capturing the speed of 12 Olympians, frame by frame https://t.co/dYHfJB9D6f https://t.co/HDFyOR9SoT",48,The New York Times
0.7783,Sat Feb 24 09:12:26 +0000 2018,0.702,0.0,0.298,The American men have won the country‚Äôs first gold medal in curling with a 10-7 victory against Sweden https://t.co/hUF0tQtMd6,49,The New York Times
0.5859,Sat Feb 24 09:10:53 +0000 2018,0.667,0.103,0.23,RT @ScottCacciola: The American men have defeated Sweden to win the country's first gold medal in curling. I bought one of them shoes last‚Ä¶,50,The New York Times
-0.296,Sat Feb 24 09:02:02 +0000 2018,0.776,0.138,0.086,"A little over 8 years ago, a painting by the Impressionist Edgar Degas was stolen in Marseille. It was found last w‚Ä¶ https://t.co/8E8z0ptBSa",51,The New York Times
-0.1027,Sat Feb 24 08:39:06 +0000 2018,0.851,0.149,0.0,It‚Äôs been a hard fall for Luann de Lesseps https://t.co/u46hJwDUz8,52,The New York Times
-0.2023,Sat Feb 24 08:21:56 +0000 2018,0.849,0.094,0.057,"KFC had a massive chicken shortage in Britain. In an apology ad, it rearranged its letters to suggest a 4-letter wo‚Ä¶ https://t.co/Uuy7ZSp1Rc",53,The New York Times
-0.4939,Sat Feb 24 08:04:10 +0000 2018,0.873,0.127,0.0,"RT @nytimesarts: Will the magic of ‚ÄúHarry Potter and the Cursed Child‚Äù transfer from London to New York? ‚ÄúBroadway is a scary place,‚Äù says‚Ä¶",54,The New York Times
0.0,Sat Feb 24 07:47:07 +0000 2018,1.0,0.0,0.0,"President Trump announced that he would be relying on the ATF to regulate ""bump stocks."" But he's left the critical‚Ä¶ https://t.co/ApWYdSxYXo",55,The New York Times
0.0,Sat Feb 24 07:31:07 +0000 2018,1.0,0.0,0.0,Ester Ledecka planned to make history as the first person to compete at the Olympics in both skiing and snowboardin‚Ä¶ https://t.co/LawOsDii9k,56,The New York Times
0.0,Sat Feb 24 07:21:23 +0000 2018,1.0,0.0,0.0,"Playlist: The Playlist: Janelle Mon√°e Feels the Funk, and 13 More New Songs https://t.co/BpxdwyyjlW",57,The New York Times
-0.1531,Sat Feb 24 07:16:06 +0000 2018,0.932,0.068,0.0,"RT @nytimesworld: Asked why such a gloomy view of Russia saturates his films, the director Andrey Zvyagintsev said that it was his innate d‚Ä¶",58,The New York Times
0.0,Sat Feb 24 07:03:13 +0000 2018,1.0,0.0,0.0,@ScottCacciola Just in case you need a reminder: Here's how curling works https://t.co/R6n3S6J7oW,59,The New York Times
0.7096,Sat Feb 24 06:59:15 +0000 2018,0.753,0.0,0.247,"""It's curling time fool."" 
@ScottCacciola is sharing live updates from the men's gold medal curling match at the Wi‚Ä¶ https://t.co/Sxy0RsyxsJ",60,The New York Times
-0.3612,Sat Feb 24 06:47:01 +0000 2018,0.664,0.22,0.116,"Citing safety concerns and frustrations with antidoping efforts, the U.S. biathlon team says it will boycott an eve‚Ä¶ https://t.co/MmgTG7HdL4",61,The New York Times
0.0,Sat Feb 24 06:29:17 +0000 2018,1.0,0.0,0.0,"How the ""Black Panther"" costumes drew on traditional African influences to look toward the future https://t.co/jm223j5xEy",62,The New York Times
-0.6369,Sat Feb 24 06:10:28 +0000 2018,0.56,0.332,0.108,"President Trump: ""I try like hell to hide that bald spot, folks. I work hard at it."" https://t.co/elCD71S2pq",63,The New York Times
0.5859,Sat Feb 24 05:53:49 +0000 2018,0.853,0.0,0.147,Ester Ledecka of the Czech Republic has become the first woman to win two gold medals in two sports in a single Win‚Ä¶ https://t.co/nu0RsxvGvu,64,The New York Times
0.4215,Sat Feb 24 05:46:03 +0000 2018,0.851,0.0,0.149,A revision of the United States Citizenship and Immigration Services mission statement omits the phrase ‚Äúnation of‚Ä¶ https://t.co/yfxdcEmA2y,65,The New York Times
0.0,Sat Feb 24 05:31:02 +0000 2018,1.0,0.0,0.0,"RT @nytimesarts: A close-up look at the incredible ""Black Panther"" costumes, with the designer, Ruth E. Carter, walking us through her Afri‚Ä¶",66,The New York Times
0.0,Sat Feb 24 05:16:09 +0000 2018,1.0,0.0,0.0,"""It's curling time fool."" https://t.co/8p25jTCLP3",67,The New York Times
-0.4939,Sat Feb 24 04:45:23 +0000 2018,0.775,0.225,0.0,"Degas Painting, Stolen in 2009, Is Found on Bus Near Paris https://t.co/JMLEmm3jzk",68,The New York Times
0.0772,Sat Feb 24 04:40:00 +0000 2018,0.909,0.0,0.091,"[Corrects spelling] A number of corporations, including several car-rental companies, MetLife insurance and Symante‚Ä¶ https://t.co/lh7G5DbJv1",69,The New York Times
0.7906,Sat Feb 24 04:32:01 +0000 2018,0.597,0.071,0.332,RT @nytpolitics: The Justice Department told the White House that approval for Jared Kushner's security clearance is delayed because there‚Ä¶,70,The New York Times
0.7425,Sat Feb 24 04:18:21 +0000 2018,0.751,0.0,0.249,"And Adam Rippon and Gus Kenworthy became some of the most celebrated athletes at the Olympics, with a fan base that‚Ä¶ https://t.co/LaZSQPdxYs",71,The New York Times
-0.5719,Sat Feb 24 04:07:00 +0000 2018,0.791,0.209,0.0,"""Flower kids,"" skaters in charge of clearing the ice, are stealing the show https://t.co/Yt1WAlo2Hh https://t.co/hFA5diAZLZ",72,The New York Times
0.0,Sat Feb 24 04:01:50 +0000 2018,1.0,0.0,0.0,The last finisher of the men's 15-kilometer cross-country skiing race became a symbol of the Olympic Games https://t.co/l0cLDDjmuC,73,The New York Times
0.6486,Sat Feb 24 03:57:44 +0000 2018,0.71,0.0,0.29,"The 22nd largest team at the Olympics became a fan favorite. They didn't compete though. 
https://t.co/29CcPzSC0i",74,The New York Times
0.7003,Sat Feb 24 03:53:09 +0000 2018,0.746,0.0,0.254,"Well, Chloe Kim and Red Gerard did. But they were also celebrated as hangry teens who hit snooze. https://t.co/l0cLDDjmuC",75,The New York Times
-0.4717,Sat Feb 24 03:50:42 +0000 2018,0.809,0.191,0.0,Some of the biggest stars of the Pyeongchang Olympics didn't win gold medals https://t.co/l0cLDDjmuC,76,The New York Times
0.0,Sat Feb 24 03:31:05 +0000 2018,1.0,0.0,0.0,"At the Winter Olympics, men get two bobsled races, a two-man and four-man event. So why do women only compete in th‚Ä¶ https://t.co/1FQ64ndwoA",77,The New York Times
0.0,Sat Feb 24 03:16:04 +0000 2018,1.0,0.0,0.0,"RT @nytimestheater: Joining the hit revival of ""Hello, Dolly!"" after Bette Midler, Bernadette Peters brings a different interpretation -- d‚Ä¶",78,The New York Times
-0.5423,Sat Feb 24 03:02:04 +0000 2018,0.837,0.163,0.0,"Missouri lawmakers could take steps toward impeachment if Gov. Eric Greitens, who faces a felony charge, does not r‚Ä¶ https://t.co/JwbUWTn5gN",79,The New York Times
0.5719,Sat Feb 24 02:46:08 +0000 2018,0.844,0.0,0.156,Sebastien Toutant of Canada won the men‚Äôs big air snowboard event. American Kyle Mack was second and Red Gerard pla‚Ä¶ https://t.co/b0zvlkwkXC,80,The New York Times
0.5106,Sat Feb 24 02:31:10 +0000 2018,0.852,0.0,0.148,"In their hometown, curling fans cheer themselves hoarse for Korea's Garlic Girls who have emerged as the most unexp‚Ä¶ https://t.co/ZeWjz5QHg0",81,The New York Times
0.3802,Sat Feb 24 02:22:09 +0000 2018,0.776,0.0,0.224,"How do parents of big-air snowboarders stay calm?
‚ÄúTranquilizers!‚Äô‚Äô https://t.co/AHAGRZddrF",82,The New York Times
0.4019,Sat Feb 24 02:17:08 +0000 2018,0.764,0.0,0.236,"A number of corporations, including several car-rental companies, MetLife insurance and Symantic security software,‚Ä¶ https://t.co/5n16sxKGzR",83,The New York Times
0.0,Sat Feb 24 02:02:07 +0000 2018,1.0,0.0,0.0,Evening Briefing: Here's what you need to know at the end of the day https://t.co/7sro3z2Xnd,84,The New York Times
-0.5106,Sat Feb 24 01:55:53 +0000 2018,0.87,0.13,0.0,RT @JulietMacur: Russian bobsledder who wore an ‚ÄúI Don‚Äôt Do Doping‚Äù T-shirt failed a drug test at the Olympics. She‚Äôs the second Russian at‚Ä¶,85,The New York Times
0.0,Sat Feb 24 01:47:04 +0000 2018,1.0,0.0,0.0,"Opinion: The misguided drive to measure ""learning outcomes"" https://t.co/zNqSgWTdOW",86,The New York Times
0.0,Sat Feb 24 01:38:18 +0000 2018,1.0,0.0,0.0,@IndignantMN We'll bring the hotdish.,87,The New York Times
0.1027,Sat Feb 24 01:32:03 +0000 2018,0.729,0.125,0.146,"New York, New Jersey, Connecticut and Rhode Island banded together to form a gun safety coalition https://t.co/scgslHzkbI",88,The New York Times
0.0,Sat Feb 24 01:17:02 +0000 2018,1.0,0.0,0.0,RT @nytopinion: What chemicals might be in your body? Take @NickKristof's quiz: https://t.co/aSwwOkArGz,89,The New York Times
0.0,Sat Feb 24 01:02:03 +0000 2018,1.0,0.0,0.0,"President Trump said John Kelly, the White House chief of staff, will decide if Jared Kushner will continue to have‚Ä¶ https://t.co/7rm3uMq1u0",90,The New York Times
-0.6597,Sat Feb 24 00:47:04 +0000 2018,0.761,0.239,0.0,"4 women with ovarian cancer managed to receive immunotherapy treatment. Against all expectations, it worked. https://t.co/cgRYiM3MWr",91,The New York Times
-0.3182,Sat Feb 24 00:32:03 +0000 2018,0.73,0.163,0.107,From Opinion: A Republican congressman from Florida used an assault rifle in the Army. Now he supports banning them‚Ä¶ https://t.co/obkVjRsNrL,92,The New York Times
-0.5256,Sat Feb 24 00:17:04 +0000 2018,0.599,0.302,0.099,"RT @nytimesarts: Japan has a huge gaming population, but almost no gun deaths https://t.co/d5VOVfGFFE",93,The New York Times
0.6369,Sat Feb 24 00:02:03 +0000 2018,0.811,0.0,0.189,"Modern Love: ""My first thought was to call my husband, followed by a realization: I couldn‚Äôt. A month earlier, he h‚Ä¶ https://t.co/CcFHTPaBvF",94,The New York Times
0.0,Fri Feb 23 23:47:02 +0000 2018,1.0,0.0,0.0,Evening Briefing: Here's what you need to know at the end of the day https://t.co/Thw2NnbqgY,95,The New York Times
0.4019,Fri Feb 23 23:32:03 +0000 2018,0.733,0.063,0.204,"Pink braids, blue weaves, natural curls and dreadlocks. For beauticians, hairstylists, hair models and guests, the‚Ä¶ https://t.co/OC6q7aqX3u",96,The New York Times
-0.25,Fri Feb 23 23:17:01 +0000 2018,0.917,0.083,0.0,RT @nytimesworld: Which fast-food chain had to close half of its 900 outlets in Britain this week after a shortage of its signature offerin‚Ä¶,97,The New York Times
-0.5106,Fri Feb 23 23:02:04 +0000 2018,0.784,0.216,0.0,"You asked, @NYTimesWell answered: Can you get sick just from being cold? https://t.co/D2GMb6N7fr",98,The New York Times
-0.296,Fri Feb 23 22:47:02 +0000 2018,0.776,0.138,0.086,"A little over 8 years ago, a painting by the Impressionist Edgar Degas was stolen in Marseille. It was found last w‚Ä¶ https://t.co/0QwBoul6Dp",99,The New York Times
0.0,Fri Feb 23 22:32:02 +0000 2018,1.0,0.0,0.0,"RT @nytimesworld: The Waldorf Astoria hotel, lodging of choice for presidents, diplomats and celebrities for decades, is now under the cont‚Ä¶",100,The New York Times
